"id","view_Count","like_Count","favorite_Count","comment_Count","dislike_Count"
"jf0ZtZ8CVkk","259134","3783","0","370","93"
"XUBeH7VQaFY","338954","6032","0","406","141"
"XX6fhw2mltE","129592","5348","0","603","102"
"GGc3hayrQwY","2083363","66129","0","7871","3974"
"5KfBYjSYP5Q","81805","2026","0","201","233"
"FQDyYJOQPng","115661","3840","0","328","41"
"hQptepGEdA4","1560606","76983","0","3933","582"
"IQ4hGFWZ7vM","596663","14495","0","420","275"
"SPiWnW6rdrA","435621","23098","0","2328","480"
"DBeXNMVVaxA","354121","5587","0","755","495"
"9CRNjrx34rs","80811","1607","0","487","66"
"yJ1ss_Ahb44","1306081","21235","0","350","209"
"e_uBCK6PNSg","618289","16155","0","829","293"
"9ynNn8yGqQU","68228","3519","0","367","151"
"poi9Qz_lSg0","270880","4193","0","652","707"
"6OqdG-ZcYC0","422684","5540","0","1698","866"
"_FGUkxn5kZQ","4566347","56771","0","17372","2865"
"fQRt56aZnnk","758449","12568","0","944","489"
"AM_xuUvWjZg","25647","1222","0","65","42"
"HSqPrtE374Q","9518382","133406","0","16891","30991"
"dVGBIrZNjAw","89576","1348","0","491","153"
"V5JSpC3AbAU","1688","91","0","68","5"
"5i_TKMwy6o4","1369074","28165","0","5348","5577"
"n12iKLyEe8Q","1216597","13299","0","1881","2100"
"z79duuC4I1Q","1951403","24690","0","NULL","3123"
"4ttcIW14cSU","10414947","118865","0","15755","2316"
"hPbrlNsMTg4","12898791","92402","0","11630","4703"
"GLBWky0u8LU","41415","2364","0","254","66"
"DpPf1w04bG4","2451393","101083","0","7729","2451"
"I5GcrAdyP70","337","2","0","NULL","1"
"P0OD7bajNxk","4120","141","0","NULL","7"
"_xUDjWVYOjY","66761","818","0","NULL","34"
"NULL","NULL","NULL","NULL","NULL","NULL"
"ggQV3nKQ0ks","552422","11824","0","1062","1809"
"QLsNuvkOPIc","2704","29","0","86","31"
"HZ3CjlWVnQY","1786851","41406","0","4483","751"
"br6yn2eQIoE","1619","66","0","26","2"
"oob8xrVROqM","233438","10528","0","793","127"
"AsukMcIi30Y","2255","26","0","40","26"
"guSEx_KTNmc","244073","727","0","28","62"
"2tmMWyZh4_A","696000","17042","0","1498","356"
"QY9EfmB5Dr4","1112481","69525","0","6401","3326"
"92QNTyGINk0","5244","129","0","36","5"
"ehYHZsvtVVE","981833","18096","0","2792","632"
"iUdEXvR3HpA","127428","4256","0","348","93"
"35jEUxR2rXY","343454","6035","0","NULL","180"
"Fb6jxie0kf8","61286","2693","0","151","481"
"nSYLImISaG0","2210847","8823","0","344","625"
"YVa6_i8msnY","198207","1471","0","339","112"
"dxoMBvT-eJs","751991","15170","0","1378","752"
"mF0aBalc38U","142694","3905","0","233","64"
"4KvTX6ZfQT0","780236","41409","0","8525","979"
"TO8JspHy1dw","475774","22645","0","1901","186"
"JDfDXVWmAUs","288958","3236","0","13","89"
"wOue4ceC2W8","1549985","24342","0","2679","858"
"DUcLLBMDj9M","653","34","0","3","0"
"Wk3copKbSE4","616","18","0","NULL","1"
"8NjwTOxaXiM","153473","4046","0","1727","410"
"CvNoqra3nHg","1473182","16539","0","2143","436"
"JanaR1ExxMQ","346992","6693","0","559","960"
"W2JEpHfJ2YA","425607","7886","0","1229","1864"
"1QUBV-wf1PA","5526798","29516","0","2754","5080"
"KxB83EeEx1w","400872","17640","0","3141","193"
"nuyAyQ_abjU","17446","173","0","4","37"
"uQYkLAtyGXQ","77680","1303","0","240","47"
"kvKVQAMPvro","714544","5587","0","194","95"
"0fvpvAJ72Zc","1515767","94977","0","3509","1531"
"tAmnm6AileM","344843","6195","0","379","190"
"k-5Q6SFInnc","580584","7509","0","1697","3031"
"8i7JRgcM5HM","14444229","559179","0","33744","6793"
"g0x1Vo6shUU","643003","3558","0","504","247"
"QWaYm0p-AM8","145865","2938","0","1372","536"
"8WnFKXWrp2M","132590","5400","0","505","128"
"Fkx1YeOdAd4","4472918","67570","0","8037","974"
"6KOpbQHLGAY","281370","3429","0","275","171"
"k5oJFKHQRxw","318098","19490","0","1200","196"
"Nn9a8tDjbuw","3731322","56466","0","10668","2382"
"q9xuVmiflws","162255","6763","0","1420","514"
"s3nEfpOaBV4","1021","76","0","76","0"
"ksdPu9HGdgc","1615200","58013","0","1677","687"
"V8ks9p8_3_I","162766","5359","0","3301","430"
"F02xcllGY84","819493","10599","0","286","701"
"3Ymbcy3wJ78","3087474","123091","0","4385","1533"
"8DNrii1pUN0","2238","315","0","100","7"
"PyI-RjfE0ks","2474455","53441","0","8430","4534"
"DhCAOI__984","415991","8533","0","332","121"
"mBBzaFhgP-I","345980","20638","0","869","96"
"5xaViOSwAac","329659","12534","0","1474","128"
"LU6r78pDLDw","15985898","177944","0","13684","5431"
"4ErU0TtaAvI","419817","5204","0","359","785"
"z72XPrtn6UE","437582","3941","0","205","122"
"eIlhlujgyDk","3794306","70068","0","9924","1895"
"BJpUR_ECBZs","427786","12510","0","NULL","322"
"Ill3dLhr_y0","104964","1716","0","236","387"
"6yw3_kTL8UY","1439733","63556","0","4221","490"
"TR-QG1_6wlE","328594","6676","0","1161","532"
"D2znvwEGIxc","1165067","6604","0","NULL","883"
"2I9-mtD3rO8","185789","4772","0","296","730"
"GCWDIQdi34g","873785","38373","0","5953","1391"
"fTXnIgZk45w","3801329","95467","0","8649","2234"
"JsAV19nOo2o","548392","20781","0","2085","558"
"POmX-Mf0tBg","262285","6504","0","562","188"
"RQaORQvnESU","670902","9658","0","613","297"
"6aEDgv7wn40","117330","668","0","91","231"
"eHLAnQghYTI","10445238","271151","0","76217","4607"
"TpgyjqVROOg","1657022","37490","0","3337","890"
"8WtE7wiDZTI","205584","6246","0","616","366"
"LnA7n9qSB7E","254710","2673","0","200","140"
"U_gzxLzFoK4","4855","238","0","90","4"
"koCoPCtKm_0","230014","6879","0","1676","895"
"xBfPv0MYb5Y","63870","1655","0","158","75"
"Nevmtfh-YDU","493947","11391","0","608","176"
"KVlYn4Fnd6k","1112785","26804","0","672","271"
"QkYkGAtDQwY","86428","1834","0","204","123"
"0Z9WuOaAy78","315201","9148","0","949","161"
"z3lwm0kAm_I","390477","11757","0","1744","313"
"Fk_pqLbezoM","181127","7030","0","785","161"
"UDL0O2YdDxY","8388722","119958","0","47926","8909"
"IAVtEniCF7g","5963522","63968","0","12930","2021"
"CRi8ika_KJY","212667","NULL","0","34","NULL"
"T1shV3kz4cw","895054","9458","0","NULL","276"
"6UEBVwqpDag","6180","156","0","6","7"
"E0ExAjyx_oA","81396","1519","0","378","61"
"jGXyaTwy-Bc","75468","4923","0","254","36"
"YF8K6OonKLE","396371","8222","0","573","603"
"pBatO5_-h08","229050","1189","0","59","37"
"HtdLaIpLQ3M","930643","5562","0","4889","1668"
"2KBdFwF83pw","100749","834","0","967","37"
"JzrWUPuiaCY","11123166","112395","0","17660","3196"
"5f2PXEsdm78","64960","872","0","61","28"
"Th4fxMFRIt0","342708","4037","0","615","209"
"y5vN83cqT5g","442352","21508","0","1708","267"
"KmakQiLrfQA","6955","NULL","0","3","NULL"
"idtCdUJlJno","154607","4797","0","952","156"
"pyAaxekYa50","38900","605","0","661","142"
"aMSZiiqQVHI","11770","116","0","40","22"
"VySEutTwQqM","451323","35904","0","1572","254"
"NmaRi3nAmqw","104198","2400","0","159","67"
"nQayue6IIhQ","2177042","41772","0","NULL","3272"
"zlc5Bii_Qf8","1606913","40102","0","2451","1033"
"rSOlCXM_eec","36218","1962","0","190","56"
"VaIzv8cCrGM","11242801","98104","0","12032","3830"
"2VINjj4k4QQ","12608","NULL","0","12","NULL"
"9P0TxHVmaLY","188988","5017","0","775","549"
"cTET0h9ouKI","354292","5800","0","549","181"
"0sMdyMiwTos","155083","2206","0","NULL","390"
"wW8cPtt8xo0","859","NULL","0","NULL","NULL"
"8c3eAawQSmw","705490","6448","0","2498","549"
"LsBJhxGUSHg","6329771","149446","0","6840","1576"
"h2kySqxKnS0","710538","27188","0","1456","414"
"vMISw2a9yuA","277524","17102","0","689","371"
"Ggp0yM8d8vM","116709","6665","0","204","195"
"dToP3IFpjCM","650951","12931","0","1197","217"
"cRdK1aQI8UU","114627","5415","0","690","324"
"VL9G4KvgaQQ","288402","4375","0","694","521"
"jtKeuZ2yIZw","651833","6608","0","NULL","287"
"yLiQGL6WrtE","4","0","0","0","0"
"uhs40qR4Pbo","566319","40452","0","2322","324"
"d5XCO8nD8Fs","425085","13749","0","3653","360"
"aFbgZmr7yHI","511304","3226","0","264","205"
"PfSwSFnr_yM","447780","6718","0","206","169"
"patZ-QvLdVY","60134","8181","0","492","55"
"tqcmeIgJzWo","135888","2754","0","957","122"
"M7L8hV779YA","45895","716","0","31","16"
"kNXl4rm_6OQ","92919","4729","0","259","38"
"kwWvg8eImrg","240","12","0","4","1"
"ylWkzBHl_As","7181675","261977","0","21194","5115"
"Cj5H8JhKFCw","153575","5519","0","320","55"
"V1CCzlEhMQw","4569681","26903","0","3147","5593"
"NULL","NULL","NULL","NULL","NULL","NULL"
"vamz6mvyS1I","2656809","160635","0","4735","1890"
"r82iAqE-k08","610486","10461","0","1789","2527"
"frEzl9TQj6o","1431290","19658","0","1037","568"
"rl8xEnOdpuI","110421","5108","0","841","407"
"jwWBa03JKlU","548707","10501","0","455","582"
"0wGBSy0Re0Q","2565472","47026","0","2720","3413"
"5PSNyKCPFjc","469553","4692","0","2021","504"
"bDEF8RKd8FY","514","90","0","13","0"
"NWOz3OZ6J9M","1920833","19526","0","33146","14424"
"sG9Jo3plhPA","521344","2363","0","599","660"
"1gBM4ciJ5Oc","3453237","20831","0","4779","2160"
"GUgPl2n6UmM","88477","527","0","35","34"
"8E_th7qfKhQ","74399","3373","0","364","85"
"H6PdX9AZASw","2749351","18848","0","794","959"
"v6tTD3l_Nvk","36013","1971","0","242","37"
"ZauKjEy4v20","136786","10683","0","1138","197"
"1ZRMVC9cCB4","2827933","61152","0","2379","391"
"v-jIvacpsxI","42662","1424","0","67","29"
"KjuxxwMfcmo","1","0","0","0","0"
"qfH0jIWnvVw","193505","9172","0","526","218"
"y3q9jOWodVo","200390","516","0","60","102"
"4U0GHVrurDg","1421539","6273","0","621","224"
"jcCITPibuuo","69808","546","0","1425","345"
"WrdrewRGEz8","336472","9087","0","906","231"
"2yvtGa7PCGU","486343","21575","0","3768","310"
"859gnFm-f08","342831","6188","0","593","725"
"IaeX3knklCA","445571","12297","0","951","1045"
"dLDdF7nj7jM","4147556","36788","0","3265","1043"
"0y9F8gsuWxM","1742356","28154","0","4316","2297"
"lyINqCfhNvs","1845515","15940","0","NULL","1061"
"EV08IwUEJr0","5540171","178069","0","9541","4248"
"Tfpf1NJTD40","384561","33804","0","802","377"
"_GCYSLdk5ys","150806","3118","0","254","102"
"OEsk0pvhMJQ","289017","4806","0","327","436"
"NB854leT6tw","13066","272","0","16","8"
"gGrdf8lZ6-Y","827148","11057","0","NULL","799"
"6DgP7XqZLRs","437444","12235","0","1133","208"
"9jS2IidwV0U","454372","17409","0","923","191"
"bBec19HY6SM","612018","5133","0","571","183"
"W1De9SB72_s","298254","18168","0","510","197"
"uQkPNIZMhos","311879","13512","0","1997","311"
"v9p_Ue-H20M","210033","7266","0","595","230"
"dKFor2aLcjk","10694","318","0","21","10"
"E_fxYqlcfRg","213809","5954","0","1097","577"
"xa2wurIpicA","2262812","68877","0","8493","430"
"E78n-l6SnJY","1824764","88129","0","1944","1839"
"VQF9tCrnOcU","371859","1111","0","104","62"
"zG8jjQZtnyA","94649","5221","0","550","84"
"_45ZERilec0","293123","4725","0","913","172"
"w2LaeleCIs4","6529","NULL","0","NULL","NULL"
"S8QSE7E-mLo","860931","58510","0","8381","2667"
"9sxJH1lnAv8","1777372","34432","0","1082","938"
"jZmyvyN-GOI","379","26","0","1","2"
"smZBWpRyUhA","1164893","103278","0","3836","2735"
"71X3iAYOPeY","479712","20851","0","997","330"
"nKvHk85imdU","81020","1530","0","118","216"
"PgyuAjs7954","32692","861","0","22","67"
"Lkcs1KFP4y4","161452","7223","0","562","187"
"TGDr7xCz1rY","1840814","37583","0","2972","666"
"7VFFcU6OK-s","31910","398","0","24","39"
"LuIy1ea6Mik","103755","3084","0","372","165"
"Yr1H4Dk69M8","38652","1509","0","123","50"
"vFPK5paOXnU","1700610","11704","0","1719","466"
"Ntw-icjtSzE","63455","1716","0","292","58"
"AOzEtxZIS9o","390256","6021","0","489","200"
"zRGTNEWSFPE","178230","1386","0","97","41"
"_uuQJSZ9jlo","36084","965","0","125","70"
"m29OuZfsorA","82221","1362","0","52","49"
"U7lf_N_p5Lk","293975","14729","0","498","256"
"z-aAWqUsrtk","102669","159","0","50","12"
"teOmeFZZJ5U","50234","4482","0","358","45"
"8aCatZvjw7E","133329","2231","0","446","202"
"rNIz-Z1Mo2k","307045","13592","0","262","196"
"6tEhEwTYrx4","257691","8910","0","1497","426"
"j4XmTDr29qA","60313","3176","0","447","86"
"N9yXYJYwXOE","15935","NULL","0","NULL","NULL"
"WZKKA7uLQo8","452447","12361","0","779","312"
"TJElzhtBErg","513","40","0","NULL","1"
"eiZkhqzi5gc","158462","5920","0","502","137"
"jOn1N6WbVmE","24413","1389","0","64","28"
"E-j4b48q2s4","238","11","0","4","0"
"894BUqo1Q1M","330929","11462","0","702","287"
"cy3Js9vJkXI","83230","6482","0","NULL","259"
"lShSeYg_kPQ","547453","5181","0","89","215"
"neGeOqxNY24","28757","462","0","162","39"
"i9OxGnhL9ww","107760","4769","0","185","161"
"_JLa1u4393A","106503","4806","0","NULL","249"
"jfuXseuHyko","54358","1337","0","1456","191"
"FFeNsgtJXI4","87","3","0","1","0"
"Y7VagnabjHs","10397","59","0","NULL","12"
"_JHZk7pdmDs","246909","6796","0","906","374"
"KTG_L4oQ5Lc","184117","9185","0","833","84"
"Bo_deCOd1HU","4017639","17509","0","2722","2807"
"t5qMRZNdlOg","5811839","19530","0","11567","2718"
"34xqg2L1T5o","29345","224","0","7","14"
"z55h0DkqSgY","54282","852","0","172","379"
"Az1hrLpkgss","81578","4091","0","218","110"
"k6hCeGSF3kA","1864899","30025","0","2806","4304"
"Mj2mO-KCnwg","110997","2022","0","350","648"
"RruxXi6PX_U","142808","4836","0","417","81"
"2s5X8AbUrY4","155","NULL","0","3","NULL"
"ruTU8CcX6_s","368323","36074","0","1652","225"
"EupAH3kq1Bk","4632622","22884","0","1693","2101"
"VJ96pgj6RAw","91676","895","0","17","81"
"yjrEzXK__f0","696484","5049","0","91","246"
"QnIAv6DligU","535766","12143","0","NULL","314"
"vHEzvoAwXx8","2454629","47710","0","4544","1665"
"yRUQUFIgvns","221246","6182","0","340","258"
"WbktuR2vdro","354089","11709","0","596","215"
"zKERyImkNow","44224","1069","0","289","32"
"6ip_Woi7pSw","704457","8212","0","1078","254"
"lSG_RfXjKuc","291791","7871","0","250","259"
"017inpON2Go","568215","27954","0","1132","305"
"m692Gdy3A68","61626","1887","0","140","33"
"KaRqqVDAaQo","7786952","172080","0","NULL","858"
"NULL","NULL","NULL","NULL","NULL","NULL"
"WuHmFkbuihc","679061","24483","0","5197","1316"
"xnb5WScMEA8","54036","275","0","25","34"
"o-gq74BW0B8","8038","240","0","22","2"
"3iTZwlp3A5c","2401445","63926","0","7358","2550"
"e-ORhEE9VVg","2420232917","8851206","0","549145","652883"
"OkjsL7Anjb4","614882","7993","0","328","269"
"acy-gGOflrM","11640","1398","0","91","8"
"PF1YR5uQfIc","165","8","0","4","0"
"qUeCmJydV-8","140588","617","0","250","156"
"iQH4qSaX-Vo","108299","NULL","0","4","NULL"
"QtJ0bjOR9M4","33435","413","0","NULL","15"
"YKLpmjdMZTo","617677","16683","0","NULL","1171"
"Ot6BaxFoHz4","3789","5","0","6","0"
"fAwB0B4Qlxs","3810991","32486","0","1003","455"
"0aWroKkx6q4","19759","618","0","28","11"
"IWnEgLjxu2Q","1637","66","0","8","1"
"BXGuvN3oVnc","145632","3272","0","611","104"
"f83kVRCq9LI","160","6","0","3","0"
"bvXuhRWaiDE","1964498","27233","0","3578","1504"
"I6CN51om8ZU","2248981","91256","0","13354","5228"
"yO2B-Sn6CWI","294035","12987","0","688","188"
"tEVLrmNYPik","322791","7271","0","258","158"
"1ClvVdNvrQA","47886","2899","0","782","89"
"2uyNt4jrU-8","535068","5881","0","2283","294"
"WHx5i4GqauI","443572","5910","0","1895","528"
"_3GKcGIlhsE","1839672","12942","0","NULL","2424"
"NULL","NULL","NULL","NULL","NULL","NULL"
"VLntClMD780","167254","6035","0","673","221"
"uXb4uNyoqUU","77091","2716","0","178","266"
"orX-vFCzMqU","43742","968","0","281","34"
"EtyKVkblDmw","455","17","0","2","2"
"qhN6HOJ3crU","21598","838","0","93","26"
"SQ_NQblVDMY","7008713","239170","0","26810","7397"
"VC_8zjFuUEQ","152","13","0","5","0"
"sk4OJryXyfM","102231","3165","0","156","58"
"qZnge-xDI2o","2103048","23819","0","4292","2248"
"WBmkmGZKfl4","2621883","10979","0","3363","2944"
"aCPvwJyok3Y","8647758","66245","0","4029","3611"
"5MmlhVbB9oM","252801","NULL","0","165","NULL"
"Od-xU2N_Bb4","46550","1093","0","62","68"
"h0TRpGP8yH4","1028355","4546","0","256","67"
"Xqo3uTEGRfY","203","17","0","25","1"
"W0gEtNbfHjA","3946564","117036","0","11951","5412"
"aH4dYgHOAJQ","154097","824","0","NULL","74"
"GfJPmmCDA_4","156187","3910","0","466","375"
"A_n88E99Hdk","38163","3297","0","765","64"
"7y8zVmpcS8A","1192697","7703","0","622","311"
"42UcR8ztbYE","26452","1835","0","241","23"
"H3Ea7LzhM8E","110759","3647","0","335","43"
"sBKL9752NWw","106127","1187","0","144","45"
"POyYueJx5ZI","106","8","0","9","0"
"Y4KrdjAPohc","1383346","9767","0","537","261"
"BzrBcRaBy18","3217","405","0","30","13"
"97_fqt_iw1o","32455","1422","0","218","76"
"apFc0r2sDwk","519610","5546","0","714","252"
"YubYxXdyHzE","2856630","19913","0","1071","1498"
"erzgOS8mctI","9402427","NULL","0","76","NULL"
"JB-nlXm6u6w","247","12","0","7","0"
"1nCM1apDNoY","1000998","28199","0","3682","597"
"HbNYuOTaYFs","972964","23218","0","2648","1915"
"rL6eKdVtzSM","174740","3614","0","280","178"
"pfG7MLiolP0","4259400","26816","0","5597","1146"
"If27WEexVDM","2185677","73994","0","8126","581"
"wMAvx-VZm10","1919789","53620","0","3684","1999"
"DD6IVewTVY8","758086","12135","0","2664","1365"
"XnEBixTe4ZI","133782","519","0","NULL","41"
"V_x5MlyGjz0","2829321","81203","0","6587","3559"
"CBm7Ata6Q_Q","144065","577","0","27","38"
"xFfA6gxUIO0","384459","3798","0","143","83"
"9HVMhm59Ibs","345266","1006","0","48","82"
"4r9EFK2Qxo0","730801","5560","0","197","265"
"YKqK-Xi1Em8","6193","152","0","10","5"
"SzNG--d0fdc","3566263","50382","0","2475","1275"
"dvjGoauiycE","5096100","NULL","0","8","NULL"
"_rHsM9Y5WNs","20920","459","0","107","29"
"5cuudl8ugj0","612","21","0","3","0"
"1JZ_m4YXomw","3331200","41192","0","1296","1140"
"NDqAp3HBYRQ","236148","6702","0","871","90"
"QXRFq7e8f54","683756","7010","0","6696","2470"
"5t30cC2payc","5301644","104933","0","1349","850"
"xly2CDMfUX8","239","12","0","0","1"
"yOUrKR-woO8","61707","2067","0","331","57"
"jkvxGFa0Y34","332268","8542","0","610","1039"
"gnBhtwKRFhA","33305","330","0","443","173"
"YJvu1K83pbQ","20129","558","0","131","10"
"2ovhbT-Iulc","4265333","120839","0","15226","7251"
"W7N-3jjvDfU","189016","1599","0","154","131"
"TJyfQS3Pb9g","2765271","25818","0","1983","1079"
"ElYNhGbOTOQ","148475","313","0","NULL","21"
"l9de8ISoRBs","294607","3231","0","2572","155"
"ZnVfM1dZ7cE","542000","12","0","1","8"
"xWBVxTEgoYk","294133","457","0","1394","221"
"LZVCLVGymmo","208899","745","0","NULL","147"
"bWk6tdWwTX0","321","13","0","1","0"
"Agu3kLBRMn4","4979922","NULL","0","9","NULL"
"Um40yrtet_Y","577127","29437","0","5635","958"
"f4-mHA4OAHI","726608","29784","0","3583","517"
"QrbozAJUT5k","28589","321","0","63","10"
"_53AeY8_NdE","12973","454","0","139","139"
"1FvwMsb9CRg","165925","5905","0","3640","1156"
"VYzxCwe6mgs","644897","11945","0","231","117"
"hsrEpvfQVts","20028","467","0","NULL","32"
"BTL1yA2XJYI","526844","26122","0","441","140"
"xb-rrD942-I","1308","241","0","86","2"
"JsDYeVMnttM","675","30","0","9","2"
"AXA1f3OK4tc","43644","1380","0","98","72"
"lldl4iGBUoA","232","10","0","6","0"
"Q490iOW_-Lg","1232552","19867","0","4426","1748"
"lUIvgRJsCu0","972","46","0","29","4"
"R-esG_fYPMA","774063","6352","0","516","111"
"kS_osZjyw_Y","3281277","23311","0","1135","914"
"F3yYQnR5i4Y","83876","2205","0","366","23"
"HYnQsvtfEsQ","1210517","9421","0","1185","326"
"u5I-0yFGNZQ","180738","2731","0","NULL","169"
"mR9eICQJLXA","179215","1178","0","27","26"
"T9JbcpOR2lw","442985","4669","0","NULL","191"
"Qu5_zQ4-9Vw","263123","8120","0","237","87"
"3x9mmOndQz4","1228824","9763","0","593","331"
"Gr_tZECHwDo","188","7","0","0","1"
"NEX_P0xGFds","469676","16765","0","1174","1206"
"7KlnV-f6Ngg","152083","1771","0","1691","1768"
"6FrBS2pPcak","21612886","120354","0","5273","4229"
"xnHeu0aK3Eg","152107","205","0","NULL","13"
"Ul0n8q95WBo","204514","1602","0","106","407"
"83yInyY1KLs","419576","2486","0","141","117"
"eTAt_hbg6bU","243078","5362","0","263","150"
"84ONFaAg46o","105461","204","0","72","35"
"6M0TgEUbRBc","519534","547","0","334","148"
"uqSyWTNeqaY","5936","461","0","206","16"
"PUwW53qqSaA","1304937","14160","0","444","748"
"6gPmRtBPWQo","415986","12933","0","1401","297"
"zsK7DnPIweE","3994890","20492","0","2913","2362"
"nSGTiCcndUc","5753","23","0","14","3"
"HxlGI4OzeBk","3772174","16443","0","2412","641"
"A4QERRsfVPc","5869584","46030","0","6222","1658"
"3z4aQWMsHlY","61","1","0","0","0"
"bREaFbsVi40","790848","13373","0","NULL","140"
"T_9ktf6wVhs","8628","294","0","95","15"
"EHKdFVlQUig","9133","99","0","4","5"
"bUQ4Eg8PFVM","48046","1981","0","150","20"
"kuvZkObA-8Q","673","35","0","18","1"
"L4DiZHWlZJM","2514509","45004","0","898","734"
"vq4QdfY1Zrs","67512","107","0","10","6"
"_XX4gqRq1wY","58583","186","0","2","18"
"Jf06V-HMycY","910035","4212","0","157","103"
"dSRsRtYGgoA","949176","38028","0","7874","1110"
"tRIX9G7D_9Q","91999","NULL","0","NULL","NULL"
"Y4HrnOAeDt4","1719085","14893","0","1275","2473"
"tf7riZWxkoY","943779","34232","0","7845","1500"
"UMr6ylOiAqY","553844","5851","0","476","1336"
"76XJHLs4WpM","1291165","53821","0","4257","2374"
"OKmpQ_3w4tA","497","NULL","0","NULL","NULL"
"D7_dZTrjw9I","1660852","7333","0","1053","839"
"VOA23EySTfY","11624","78","0","27","6"
"TdWSpaFeJKw","43454","1006","0","242","113"
"Be5fCPohYEU","47599","191","0","45","23"
"qlLpaD4FEKQ","1172667","5672","0","279","116"
"NULL","NULL","NULL","NULL","NULL","NULL"
"wqz6VSnCS0I","2210","17","0","2","2"
"Kw-bMMAqx1k","3711768","49200","0","1904","1420"
"81MiV5Y2Af4","4006392","60883","0","2222","2096"
"6SDIc6bGw9w","5130596","43642","0","2136","1357"
"3KK4ZVP-5WY","52515","2803","0","214","77"
"iplYoZ42O0M","198434","4487","0","533","101"
"Uc0BtRoaS6I","247682","7336","0","671","181"
"wy13zKfHCBM","2534188","15587","0","1899","1029"
"t2h8Wwp2hZI","39","0","0","1","0"
"bx2cVtPsOyU","101389","1971","0","300","27"
"5_pKKO35Kh4","2479001","28611","0","1021","778"
"KGZZsysMjn4","18160","65","0","6","6"
"guXMSd0fuq4","391907","1911","0","172","41"
"5A4Tf3Tz2HQ","6516","92","0","59","36"
"jaHdzt2fN4M","10537","579","0","131","16"
"79pqwmzG25I","1607377","66486","0","12929","929"
"5VownvT5Bow","176170","651","0","79","58"
"bI3wR3IEVM4","9306","403","0","104","11"
"YkyTQP27H6s","1818588","33302","0","694","501"
"CQmVpHQ8ENs","1230774","4810","0","NULL","1433"
"MUTrJW-0xtc","1278097","10524","0","2428","338"
"uRW-kFdhS2w","148","0","0","2","0"
"Xoox2saHCpA","571","NULL","0","NULL","NULL"
"hVH-oyUR-Sw","440689","13118","0","2777","134"
"NULL","NULL","NULL","NULL","NULL","NULL"
"at5murcIqvQ","163569","8423","0","248","126"
"dLkPH_B7tRo","43009","525","0","82","222"
"4SqOg6Zires","63213","2331","0","138","219"
"fog4C4Z9JEc","47191","NULL","0","129","NULL"
"1qK5GZp4NAk","3381460","21952","0","3730","1239"
"igHVBgnaU4g","1044817","10695","0","421","604"
"Az6VLTH8jZM","235","6","0","1","2"
"mjOF76ag9zA","538476","15675","0","261","134"
"qYmpPkaMPEg","5711906","20542","0","2432","1161"
"uaEaLCqR_ww","1097","11","0","7","0"
"mbX-rxq48uo","9091","NULL","0","1","NULL"
"NsdOMrnRsvE","310066","29821","0","7697","282"
"fSkWSQeK87Q","18320","9","0","3","1"
"wns7JHXwFro","26588","102","0","8","21"
"PVn0n66w3X0","3161","37","0","16","7"
"aOGSUdsTCT4","5367","22","0","1","5"
"dhpFKl8cq0k","660","11","0","2","1"
"Q5Djl9_Xc3w","136107","586","0","24","39"
"c-KKy-03O5A","123911","189","0","13","16"
"qTlpQMssyC0","76482","2491","0","153","34"
"Rz8IAf2RPSE","141911","422","0","31","39"
"26i-75zvbRE","195118","NULL","0","54","NULL"
"56nLPuMspqs","1877265","25181","0","1366","409"
"4ex_lkZJIKU","1089","2","0","0","0"
"xfWOugouCU0","134310","400","0","60","12"
"NeS3Lfo5LK0","10913","NULL","0","6","NULL"
"il-4zdXspXE","140721","NULL","0","83","NULL"
"dgjyg3yR6gE","439","NULL","0","NULL","NULL"
"l1Zm9MtrYuM","66662","265","0","NULL","19"
"tTbjDoLQQKw","18438","93","0","1","0"
"nzSftmreAxU","423","27","0","12","3"
"0NwiiYCle_U","990","5","0","0","0"
"7mcmVMmLIPA","18138","NULL","0","0","NULL"
"VrBhPBgldLk","78","7","0","7","0"
"0BDHeU3KOy0","14039","514","0","53","16"
"ALIGd4wBvwQ","11451","546","0","66","11"
"VayDdTkIvh4","530","14","0","0","0"
"vLI076BeH1c","1177302","8521","0","628","651"
"scrM7Z7jMzY","4884386","NULL","0","6","NULL"
"gcMx6PuLndE","5005","78","0","4","1"
"cz29Xx0tNAg","1052","4","0","0","0"
"HkyJimByYEA","4791","5","0","0","0"
"TXQUAeGSVNU","395141","20788","0","8726","538"
"KU2APpDcTjI","6394998","20247","0","1050","1423"
"sEUUhnYI0Oc","527","0","0","NULL","0"
"V2ukcibRyJY","9675995","NULL","0","21","NULL"
"PruqzCExTQs","2812","39","0","3","0"
"MIUz7e_uOKM","774","6","0","2","0"
"NULL","NULL","NULL","NULL","NULL","NULL"
"F-L1jT56NVQ","1062520","30462","0","878","433"
"NULL","NULL","NULL","NULL","NULL","NULL"
"xHnm05lUnS0","83802","379","0","17","6"
"Vhm8rSqLYw8","100","12","0","9","0"
"E1MTVpRmj_k","1512","26","0","9","1"
"E1bjc8mJaUU","107","14","0","13","2"
"m6QvEya8ogM","1384","38","0","21","0"
"aUlrthNNcec","167","12","0","10","0"
"Dr1UQ1ZSUig","113279","306","0","6","16"
"XVpWuxO0PL4","665","10","0","19","0"
"gyDLRF910M4","16819","20","0","0","0"
"w1-K0j6nDWU","2585","25","0","3","3"
"tq55dkGbYZ4","1729","84","0","25","7"
"0B3lwta8_4A","300494","11087","0","4861","115"
"NwXngh1pTfI","5143","64","0","10","12"
"BuZjF7-6xbs","389630","7240","0","282","45"
"sbj8-3vef1k","26969","180","0","42","15"
"qs6xmCl_OTw","344386","NULL","0","0","NULL"
"ZY2aKViugM4","69745","232","0","12","46"
"v1idRp8tgkE","723","1","0","0","0"
"YNhfSK4mbu4","63233","394","0","5","34"
"20pOW4HsiyM","23785","1466","0","281","6"
"7Lq5W_ewfoo","166697","NULL","0","NULL","NULL"
"281TUpUHrjY","22074","NULL","0","7","NULL"
"Ogu49pQWF2E","47371","129","0","9","10"
"t7uWSTenDts","114839","4242","0","1189","89"
"8kE_RTF1WOE","2314","70","0","26","5"
"aT_dQr7ScSE","104321","1501","0","32","26"
"CDd3wkf5Zlg","22893","NULL","0","NULL","NULL"
"c2mP13jMOMY","1590413","14200","0","1205","1001"
"4G93C7OaZZw","6097704","18143","0","1633","6286"
"oClbf9f-L5o","59171","114","0","9","5"
"j6VCo5_Fq70","6140281","140865","0","10325","2265"
"n3xyyIc_AEA","561134","1828","0","434","69"
"aJ2gp-3UQMQ","307859","3614","0","79","125"
"vfdUTfXPEwg","102497","407","0","NULL","20"
"twN8e1PC4Q0","603477","3600","0","305","832"
"07BoXoLwwR4","57046","175","0","5","7"
"w4zm2ceT7ow","201850","3377","0","379","236"
"5-CNt996Kno","47786","301","0","131","214"
"s66d-VBGTYA","220760","275","0","33","84"
"p1ffIeEKKUw","3067793","62803","0","5492","575"
"a1z9_TGX7-E","274783","828","0","237","45"
"gegA9GsJ26A","971284","1513","0","6781","704"
"PA10a_zz5J8","11933","109","0","11","21"
"yN9_WT9l7xo","182180","428","0","100","35"
"FcCDfO4A-Xw","1862","1","0","0","1"
"tqNzEXkE4M0","116305","457","0","46","39"
"bX_Z6IRWcak","22137","32","0","3","3"
"MvfH7_bgjOE","1421205","27286","0","816","454"
"7NgpZ4Wj0JI","507401","12886","0","315","131"
"NS_PzfpKLYU","286002","1154","0","147","40"
"xVWpHTafYuA","116521","262","0","58","5"
"6pzPRsBUU44","18892","NULL","0","9","NULL"
"3TWfp1pvxHY","53198","177","0","9","6"
"x5MWCnMlbBc","77071","1377","0","250","45"
"V7HkrUBrL2M","62738","783","0","8","19"
"NULL","NULL","NULL","NULL","NULL","NULL"
"Qc-M5cMKQCk","23849","121","0","5","21"
"oFUyLTbjGOw","123985","2729","0","1146","182"
"r0MXWHZ5o7c","1020087","10070","0","655","346"
"sE7MKUB-dL8","113101","1506","0","2026","487"
"iWHZzqLBYHs","5726","NULL","0","4","NULL"
"PeuH0LrlEpw","19237","18","0","0","15"
"ZOJVmdKvXyc","112731","351","0","1535","101"
"bd6dQmN-mPw","199251","1218","0","117","17"
"dUJ0d7xUMLQ","92210","395","0","21","16"
"1Uy4PQ4YBgo","9858","162","0","14","2"
"dXB13hVL2Y8","96844","134","0","48","18"
"HlAuruTEjC0","9961","105","0","29","50"
"3g1wZawEhpA","20666","600","0","488","169"
"W52Yi86GfuU","72080","243","0","6","19"
"kG18L0-qqyw","286146","5556","0","658","192"
"ruqEax1k350","231517","774","0","126","21"
"8nvqOzjq10w","220274","372","0","18","10"
"MeqrvVyH2mI","52426","70","0","1","29"
"Seeig-GkPJI","23548","NULL","0","NULL","NULL"
"or6U0GeZ4j0","59090","100","0","14","9"
"qs4mtbTsaL4","236067","579","0","62","25"
"NUd1LB8zs9Y","1456264","NULL","0","40","NULL"
"vodFmd2PpgI","9779","27","0","NULL","3"
"6KmPXsWyto0","61005","701","0","55","43"
"lghpTEp_VpI","6040","53","0","20","18"
"NYoGaoJx8nU","113401","5182","0","256","103"
"_kAiEO6jP48","143718","476","0","54","26"
"Nly_OdvORQY","140843","162","0","21","18"
"TwqVwl-Fa2s","1681603","NULL","0","NULL","NULL"
"wwObeQBGBb8","205049","1083","0","135","38"
"CwYxuV2dVzw","440178","1767","0","498","148"
"5ItLq9wJlwU","11156","15","0","5","0"
"nE3hXYwdu9U","5696","NULL","0","NULL","NULL"
"wfUbnBISkjE","3","0","0","0","0"
"lQKdEdzHnfU","1162686","2629","0","484","85"
"XfDZGXibvCA","39203","131","0","6","16"
"tmjNmH8-nns","2","0","0","0","1"
"rFzvSgEapx8","61217","256","0","7","18"
"hXOAtWWW8KY","12608","166","0","15","21"
"mn58Wv1iLqQ","8528","19","0","2","0"
"Otyx71mL6bo","9311","78","0","2","7"
"rPilDIubQHM","391","3","0","0","0"
"A7QDgFshZMY","21144","NULL","0","6","NULL"
"Bm5GKEBNgeY","38974","76","0","3","2"
"ZtQ-VXks98U","9","0","0","0","0"
"wRZKscZYTRk","5897","134","0","60","6"
"xwOirZ-rg6Q","740850","2748","0","680","54"
