id,title,publication_date,viewCount,likeCount,dislikeCount,favoriteCount,commentCount,url
#NAME?,We Tried A Grilled Cheese Toaster,2018-06-12T16:00:00.000Z,94123,1270,168,0,179,https://www.youtube.com/watch?v=-CYvNYOq_NQ
#NAME?,Cheesiest Burger In London,2018-02-19T18:00:02.000Z,111157,1193,34,0,84,https://www.youtube.com/watch?v=-l85SpdIAl8
#NAME?,The Internet Couldn't Get Enough Of These Foods In 2017,2017-12-04T21:19:54.000Z,207265,2961,82,0,179,https://www.youtube.com/watch?v=-ntjwim7Hr4
#NAME?,Coppia Ferrarese Is A Cross-Shaped Italian Bread,2018-10-13T20:00:00.000Z,30159,414,13,0,127,https://www.youtube.com/watch?v=-W26tqQU3PA
#NAME?,Dominique Ansel Bakery Has Garden-Themed Afternoon Tea,2018-05-12T16:00:01.000Z,66401,1350,17,0,63,https://www.youtube.com/watch?v=-Yg1GJUT2BQ
#NAME?,Taco Bell Secret Menu: The Incredible Hulk Burrito | Fast Food Secret Menus,2018-11-29T17:00:01.000Z,145604,1849,159,0,182,https://www.youtube.com/watch?v=-yg2lKSkfpg
#NAME?,Pizza Served With A Mountain Of Cold Cheese,2017-12-13T15:29:31.000Z,315244,2438,536,0,626,https://www.youtube.com/watch?v=-ZM_eZj0IZ8
_3IIA7bN1As,We Tried Moe's Spiciest Salsa Made With Ghost Peppers,2018-07-05T16:00:06.000Z,61836,881,34,0,118,https://www.youtube.com/watch?v=_3IIA7bN1As
_b1ykLA6krw,Put Any Food Under This Chocolate Fountain,2017-11-14T21:00:01.000Z,260676,2427,68,0,431,https://www.youtube.com/watch?v=_b1ykLA6krw
_HY3DjGXnYk,Machine Spits Out Korean Potato Noodles,2018-07-26T16:00:05.000Z,51850,758,39,0,200,https://www.youtube.com/watch?v=_HY3DjGXnYk
_OWQ0foN-s4,Giant Pizza Bagels Are The Ultimate Combination,2018-01-17T17:00:04.000Z,74346,1116,30,0,73,https://www.youtube.com/watch?v=_OWQ0foN-s4
_W2anpECYNQ,The Best Thing To Order At NYC's New Favorite Chocolate Shop | Best Thing On The Menu,2018-12-19T17:00:05.000Z,135184,2030,82,0,161,https://www.youtube.com/watch?v=_W2anpECYNQ
0-IDdUcF-hM,Giant Wine Bottle Can Fill 48 Glasses Of Wine,2018-07-23T16:00:00.000Z,15564,306,21,0,73,https://www.youtube.com/watch?v=0-IDdUcF-hM
05jOGEmriqo,We Tried A Boozy Golden Chocolate Bar,2018-02-25T15:00:00.000Z,2962677,32897,1781,0,5607,https://www.youtube.com/watch?v=05jOGEmriqo
0aoetundPAY,Deli Sandwich Weighs 6 Pounds | Jumbo Eats,2018-06-23T16:00:01.000Z,93062,1644,81,0,159,https://www.youtube.com/watch?v=0aoetundPAY
0ePTtiWUvIM,"How \Bracelet\"" Pasta Is Made""",2018-07-01T16:00:00.000Z,102009,1293,94,0,178,https://www.youtube.com/watch?v=0ePTtiWUvIM
0HOc_IieO4Y,Dessert Dumpling Wrapper Is Invisible,2018-09-05T16:00:00.000Z,47399,692,61,0,167,https://www.youtube.com/watch?v=0HOc_IieO4Y
0i5y1lgyl1k,Instagrammer uses coffee froth to make awesome 3D latte art,2017-04-19T15:43:13.000Z,3695,50,1,0,2,https://www.youtube.com/watch?v=0i5y1lgyl1k
0mDWp4ABBfk,This Cuban Sandwich Was Voted Best In The World,2018-06-07T16:00:01.000Z,186060,2677,107,0,338,https://www.youtube.com/watch?v=0mDWp4ABBfk
0oDTwE7BR7M,8 Places Every Mac 'N' Cheese Lover Needs To Go,2018-03-17T14:00:00.000Z,228483,3812,70,0,223,https://www.youtube.com/watch?v=0oDTwE7BR7M
0QSz9ZNRnhs,Food Truck Serves Cookie Dough 6 Different Ways,2018-10-06T16:00:01.000Z,173703,3416,108,0,326,https://www.youtube.com/watch?v=0QSz9ZNRnhs
0SPwwpruGIA,42 Foods You Need To Eat Before You Die,2018-12-08T17:00:01.000Z,10044593,153493,11431,0,20291,https://www.youtube.com/watch?v=0SPwwpruGIA
0vkYX93zo6U,We Tried Dunkin' Donuts' Donut Fries,2018-08-08T16:00:00.000Z,96235,1539,73,0,305,https://www.youtube.com/watch?v=0vkYX93zo6U
0wkLCaqP7bA,Food Trends That Will Blow Up In 2018,2018-01-08T16:00:01.000Z,1058306,11018,1192,0,1922,https://www.youtube.com/watch?v=0wkLCaqP7bA
1c4h788pROs,Dole Whip Soft Serve In A Tiny Pineapple,2017-10-30T21:00:00.000Z,5935,131,1,0,8,https://www.youtube.com/watch?v=1c4h788pROs
1cDeA0wloQg,Customizable Hot Chocolate Bar,2017-11-27T21:30:01.000Z,205354,2976,51,0,123,https://www.youtube.com/watch?v=1cDeA0wloQg
1FPD-pulZfU,We Did the One Chip Challenge,2017-11-06T22:30:01.000Z,47241,418,13,0,59,https://www.youtube.com/watch?v=1FPD-pulZfU
1hEAuCE3YFg,40 Pounds of Guacamole,2017-11-08T17:00:00.000Z,31912,284,5,0,33,https://www.youtube.com/watch?v=1hEAuCE3YFg
1I5fa2GVlLA,How Fresh Boba Tea Is Made,2018-09-09T20:00:00.000Z,1666739,26676,465,0,1207,https://www.youtube.com/watch?v=1I5fa2GVlLA
1jUTw071d5U,Crispy Indian Bread Puffs Up When Deep-Fried,2018-09-12T16:00:00.000Z,88549,1479,53,0,442,https://www.youtube.com/watch?v=1jUTw071d5U
1k6LstnYZBo,London Restaurant Only Sells Mac ‘N' Cheese — We Tried All 6 Flavors,2018-07-27T16:00:01.000Z,304004,4738,97,0,267,https://www.youtube.com/watch?v=1k6LstnYZBo
1o5LN1RNuyQ,"Food Truck Serves 3,000 Grilled Cheese Sandwiches A Day",2018-09-15T16:00:00.000Z,1875842,18980,911,0,2009,https://www.youtube.com/watch?v=1o5LN1RNuyQ
1oWL9gqI3Ic,We Tried To Finish The Biggest Burger In Europe,2018-02-10T15:00:00.000Z,3238323,23155,2542,0,3687,https://www.youtube.com/watch?v=1oWL9gqI3Ic
1oy7eXJpkdM,"Korean Steakhouse Holds 2,000 Pounds Of Beef",2017-11-25T13:00:00.000Z,13471,176,6,0,24,https://www.youtube.com/watch?v=1oy7eXJpkdM
1P71pPk_t2Y,Hot Chocolate Topped With A Giant Marshmallow,2017-12-27T19:00:00.000Z,148115,1722,26,0,133,https://www.youtube.com/watch?v=1P71pPk_t2Y
1VZdAU2oIrY,43 Outrageous Desserts You Need To Eat Before You Die,2019-01-10T17:00:01.000Z,7620916,142585,4300,0,12680,https://www.youtube.com/watch?v=1VZdAU2oIrY
1WvyO-lBO-A,We Tried Taco Bell's Limited-Edition Frose´,2018-07-10T16:00:00.000Z,28787,523,29,0,73,https://www.youtube.com/watch?v=1WvyO-lBO-A
24eymlJhPVY,Mountain Of Fries Served With Every Dish At Texan Restaurant,2018-05-12T20:00:02.000Z,835701,8699,421,0,1034,https://www.youtube.com/watch?v=24eymlJhPVY
2B171xDEXlU,Giant Sushi Doughnut Weighs Over 16 Pounds,2018-07-13T16:00:00.000Z,52591,998,78,0,196,https://www.youtube.com/watch?v=2B171xDEXlU
2FkKOoVGrTE,How Rice Cakes Covered In Peanuts and Black Sesame Seeds Are Made,2018-07-11T16:00:00.000Z,42927,757,32,0,81,https://www.youtube.com/watch?v=2FkKOoVGrTE
2GfJDsb1ZEY,Do Viral Pizzas Even Count As Real Pizza?,2018-12-28T17:00:00.000Z,81436,1153,234,0,249,https://www.youtube.com/watch?v=2GfJDsb1ZEY
2Ipj1tq4gPE,A dessert shop replaced the hot dogs in these buns with ice cream,2017-08-09T09:10:21.000Z,5129,90,2,0,4,https://www.youtube.com/watch?v=2Ipj1tq4gPE
2jcC0M3sFxI,The Best Barbacoa In LA Is Made In This Family's Backyard | Legendary Eats,2019-02-15T17:00:01.000Z,60065,1097,35,0,104,https://www.youtube.com/watch?v=2jcC0M3sFxI
2MCoqT9_PSY,Vegan Avocado Ice Cream Looks Like The Real Thing,2018-05-06T16:00:00.000Z,352589,5212,126,0,553,https://www.youtube.com/watch?v=2MCoqT9_PSY
2nyRxavcRWs,Florentine London Is Serving A Huge £55 Truffle Burger,2017-11-27T15:13:51.000Z,28709,372,11,0,22,https://www.youtube.com/watch?v=2nyRxavcRWs
2QImMl9coQ4,Eat Free And Endless Garlic Knots At This LA Restaurant,2018-12-16T17:00:01.000Z,264456,3839,118,0,330,https://www.youtube.com/watch?v=2QImMl9coQ4
2VLPbVl9pvQ,Dessert Disguised As Corn,2017-10-20T20:44:41.000Z,67271,457,12,0,44,https://www.youtube.com/watch?v=2VLPbVl9pvQ
2xZoWtXdNbs,Mini Japanese Sponge Cakes,2017-10-19T22:09:39.000Z,32868,286,8,0,29,https://www.youtube.com/watch?v=2xZoWtXdNbs
2ynoE4i78h8,Hawaiian-Style Doughnuts Made With Poi,2017-12-11T17:30:00.000Z,675123,5785,154,0,618,https://www.youtube.com/watch?v=2ynoE4i78h8
3_4pVjSgvUQ,M&M'S World Has The Biggest Chocolate Wall In NYC,2018-02-25T20:00:00.000Z,1813766,20817,400,0,1777,https://www.youtube.com/watch?v=3_4pVjSgvUQ
35Onk2bmpZc,How Fresh Burgers Are Made,2018-02-05T15:00:00.000Z,445890,3402,173,0,238,https://www.youtube.com/watch?v=35Onk2bmpZc
3A1WchsXIBY,How It's Like Eating Food In Space,2017-10-19T21:43:13.000Z,3148,33,1,0,4,https://www.youtube.com/watch?v=3A1WchsXIBY
3BfXc48bwpU,Why People Line Up For Hours To Get Into This All-Pink Café,2019-01-25T17:00:01.000Z,94847,1850,123,0,228,https://www.youtube.com/watch?v=3BfXc48bwpU
3nwwX-DEH1M,Why This Wagyu Sandwich Is Worth $85,2018-03-23T20:00:00.000Z,4341578,34164,3761,0,8595,https://www.youtube.com/watch?v=3nwwX-DEH1M
3ox_yJMxsTQ,"We Tried Spicy, Mouth-Numbing Stir Fry",2018-06-20T16:00:01.000Z,65806,869,29,0,99,https://www.youtube.com/watch?v=3ox_yJMxsTQ
3QwuJu86noc,Veal Parmesan Bigger Than Your Head,2017-12-21T21:30:01.000Z,48652,508,30,0,65,https://www.youtube.com/watch?v=3QwuJu86noc
3teXAYVAwGM,How Edelweiss Became LA's Most Iconic Chocolate Shop | Legendary Eats,2019-01-18T17:00:00.000Z,232292,4486,103,0,303,https://www.youtube.com/watch?v=3teXAYVAwGM
3Xdgz8NFhfU,"Doughnut, cake, and waffle hybrid served in egg cartons",2017-04-13T14:28:06.000Z,1145,13,0,0,1,https://www.youtube.com/watch?v=3Xdgz8NFhfU
3YKi3RZrXFM,Burger With 15 Patties Is Almost Impossible To Finish,2017-11-17T01:00:00.000Z,475069,4207,166,0,1056,https://www.youtube.com/watch?v=3YKi3RZrXFM
3ZMZsIn4B_U,Midwesterners Are Obsessed With This Chili Chain,2018-03-08T20:00:01.000Z,904248,7763,705,0,2211,https://www.youtube.com/watch?v=3ZMZsIn4B_U
49X-oTEbXqw,Why This Accountant Created His Own Vegan Chocolate Factory,2018-11-14T17:00:00.000Z,39606,657,23,0,90,https://www.youtube.com/watch?v=49X-oTEbXqw
4kA-Wx3t3GQ,Greek Restaurant Tops Pasta With Whole Lobster,2019-01-04T17:00:00.000Z,142617,1922,79,0,234,https://www.youtube.com/watch?v=4kA-Wx3t3GQ
4mpx_KOgx2k,Australian Chef Makes The Juiciest BBQ In Sydney,2018-11-07T17:00:00.000Z,389896,4228,187,0,497,https://www.youtube.com/watch?v=4mpx_KOgx2k
4mxwFL-YfHQ,Giant Pizza Burger Hybrid Weighs Over 40 Pounds,2018-10-03T16:00:00.000Z,50249,912,87,0,201,https://www.youtube.com/watch?v=4mxwFL-YfHQ
4OWyNhgCehA,If You Can Finish This Pho In 90 Minutes It's Free,2017-11-22T22:14:01.000Z,931047,8986,382,0,2453,https://www.youtube.com/watch?v=4OWyNhgCehA
4sgdkcjc4nA,The calorie-free vegan ‘raindrop cake’ has arrived in London – here's how it's made,2017-05-15T19:00:00.000Z,9220,116,8,0,5,https://www.youtube.com/watch?v=4sgdkcjc4nA
4WpEYYzY5lo,Hotel In NYC Harvests Honey,2017-10-20T20:28:09.000Z,41548,253,12,0,37,https://www.youtube.com/watch?v=4WpEYYzY5lo
5250fBztDqQ,Ice Cream Made With Whole Cakes And Cookies,2017-10-31T14:00:00.000Z,13143,204,3,0,10,https://www.youtube.com/watch?v=5250fBztDqQ
5cAKWLiJaIU,We Tried A Whole Fried Pig's Head,2018-06-24T16:00:01.000Z,71259,804,348,0,496,https://www.youtube.com/watch?v=5cAKWLiJaIU
5hdxQUAjo88,Incredibly Realistic Animal Cakes,2018-07-20T16:00:00.000Z,193558,2496,135,0,573,https://www.youtube.com/watch?v=5hdxQUAjo88
5vZ6vEAHGSc,Malaysian Burger Cooked In A Fried Egg,2017-10-19T22:07:15.000Z,89737,890,20,0,299,https://www.youtube.com/watch?v=5vZ6vEAHGSc
5xKVGL35pFc,How Fresh Butter Is Made,2017-12-26T19:30:02.000Z,1780855,13605,1111,0,1276,https://www.youtube.com/watch?v=5xKVGL35pFc
5zGHobU5lrs,Fried Mac 'N' Cheese Burger Buns,2017-11-06T23:00:00.000Z,14278,259,9,0,16,https://www.youtube.com/watch?v=5zGHobU5lrs
6-oWjTxIXFI,Steakhouse Chef Cooks Ribs That Weigh 15 Pounds,2017-11-06T18:30:01.000Z,3070,48,1,0,5,https://www.youtube.com/watch?v=6-oWjTxIXFI
67KSp9E5JRM,23-Layer Chocolate Cake At Michael Jordan's Restaurant,2017-10-18T21:15:47.000Z,581587,4193,65,0,695,https://www.youtube.com/watch?v=67KSp9E5JRM
6a8lxKiwacw,How To Make A Hyperrealistic Geode Cake,2018-11-19T17:00:01.000Z,67750,1320,36,0,128,https://www.youtube.com/watch?v=6a8lxKiwacw
6Apkla7F0xg,Las Vegas Bar Serves 100 Oz. Cocktail Bowls,2018-01-31T19:00:01.000Z,100998,869,29,0,90,https://www.youtube.com/watch?v=6Apkla7F0xg
6CNOU0Kiayo,Best Cheesecake In NYC | Which Is Better? Ep 5,2018-02-24T19:00:00.000Z,214821,2678,149,0,206,https://www.youtube.com/watch?v=6CNOU0Kiayo
6dWZTbKkF48,Burrito Inside A Quesadilla Is Stuffed With Flamin' Hot Cheetos,2017-11-02T11:00:01.000Z,10400,158,2,0,13,https://www.youtube.com/watch?v=6dWZTbKkF48
6Hg-OaCmG50,Ski Resort Melts Raclette Fireside,2018-01-24T15:00:01.000Z,86260,873,30,0,35,https://www.youtube.com/watch?v=6Hg-OaCmG50
6hLuEL_jwFo,Kim Kardashian's Favorite Pastry Chef Molds Chocolate Underwater,2018-03-21T14:00:00.000Z,990803,12549,376,0,1204,https://www.youtube.com/watch?v=6hLuEL_jwFo
6jcmavwU8mQ,Giant Foldover Stuffed With Cheese And Chocolate Sprinkles,2017-11-01T16:00:00.000Z,7706,134,7,0,31,https://www.youtube.com/watch?v=6jcmavwU8mQ
6KYUJxapTbs,Creative Chocolate Bars Made In Brooklyn,2017-11-17T23:00:00.000Z,7412,96,3,0,6,https://www.youtube.com/watch?v=6KYUJxapTbs
6oy8DjuIWoA,Giant Ravioli Is The Size Of 10 Regular Ravioli,2017-11-20T22:00:01.000Z,26457,258,12,0,28,https://www.youtube.com/watch?v=6oy8DjuIWoA
6qneo57M6Bs,Cajun Seafood Boil Cooked With Hawaiian Spices By Michelin Star Chef,2018-04-29T20:00:00.000Z,37486,607,27,0,113,https://www.youtube.com/watch?v=6qneo57M6Bs
6TluXwjUvkc,A London restaurant serves giant ostrich eggs,2017-06-20T16:14:37.000Z,49437,307,11,0,28,https://www.youtube.com/watch?v=6TluXwjUvkc
6Y1Mo9dIvfI,Candy Store Has Giant Versions Of Your Favorite Sweets,2017-11-26T22:30:00.000Z,14944,287,7,0,36,https://www.youtube.com/watch?v=6Y1Mo9dIvfI
6yhpzeA_FJY,Do Clams Belong On Pizza?,2018-12-18T17:00:01.000Z,49961,632,67,0,248,https://www.youtube.com/watch?v=6yhpzeA_FJY
73N6Nx59Iv0,Turkish Sandwich Stuffed With Fries,2018-02-12T19:00:01.000Z,248796,2839,173,0,543,https://www.youtube.com/watch?v=73N6Nx59Iv0
7KvxApUNgNk,Dominique Ansel Makes Octopus Corn Dogs,2019-02-23T17:00:01.000Z,99080,1323,87,0,232,https://www.youtube.com/watch?v=7KvxApUNgNk
87ddED3YCaU,French Chocolate Factory Is Praline Paradise,2018-05-07T16:00:01.000Z,82032,1134,40,0,96,https://www.youtube.com/watch?v=87ddED3YCaU
8BpAiAF5BbQ,Japanese Soufflé Pancakes Are Overflowing With Boba,2019-03-04T19:10:29.000Z,101503,2066,39,0,104,https://www.youtube.com/watch?v=8BpAiAF5BbQ
8dHZVaEBIA0,This Is Beer Ramen,2018-09-14T16:00:03.000Z,140529,1809,376,0,719,https://www.youtube.com/watch?v=8dHZVaEBIA0
8iQemq4g6t0,We Tried Southern BBQ With A NYC Twist,2018-11-13T17:00:00.000Z,113173,1603,67,0,209,https://www.youtube.com/watch?v=8iQemq4g6t0
8LWqBX1IFwI,Pressed Rice Cakes Are A Favorite Southeast Asian Dessert,2018-05-24T16:00:01.000Z,91065,972,65,0,200,https://www.youtube.com/watch?v=8LWqBX1IFwI
8LXA9EWZw48,Loaded Mac 'N' Cheese Skillets,2017-11-09T23:00:01.000Z,65135,951,8,0,19,https://www.youtube.com/watch?v=8LXA9EWZw48
8nbRjOv25Qk,Turkish Chef's Sandwiches And Burgers are Next Level,2017-11-01T00:00:00.000Z,50472,801,17,0,38,https://www.youtube.com/watch?v=8nbRjOv25Qk
93UNA6JeNgs,How Is McDonald's Different In Sweden?,2019-02-09T17:00:00.000Z,432346,5981,267,0,1363,https://www.youtube.com/watch?v=93UNA6JeNgs
9Im43d4PGA8,Learn The Secret To Making The Best Prime Rib,2018-11-02T16:00:02.000Z,45997,639,35,0,150,https://www.youtube.com/watch?v=9Im43d4PGA8
9Oovwt1axNc,Restaurant Hired Italian Moms To Make Home-Cooked Food,2018-11-06T17:00:02.000Z,46683,1152,25,0,68,https://www.youtube.com/watch?v=9Oovwt1axNc
9Pnj_E5XFG4,How The World’s First Burger Was Made At Louis’ Lunch | Legendary Eats,2019-01-07T17:00:01.000Z,591038,7130,585,0,1424,https://www.youtube.com/watch?v=9Pnj_E5XFG4
9s41fJ6d2oU,You can buy an Easter egg made entirely of cheese,2017-04-14T13:00:01.000Z,1734,9,1,0,1,https://www.youtube.com/watch?v=9s41fJ6d2oU
9sLfMwfUs4s,Customize Your Own Bloody Mary With 150 Pounds Of Bacon,2017-11-06T21:00:00.000Z,11777,63,8,0,16,https://www.youtube.com/watch?v=9sLfMwfUs4s
9uornf_I4so,LA Loves This Sourdough Bread — Why 400 Loaves Are Sold A Day,2018-08-05T16:00:00.000Z,53949,928,33,0,117,https://www.youtube.com/watch?v=9uornf_I4so
9ZkkbHW-Pgo,How McVitie's Chocolate Digestive Biscuits Are Made,2018-08-31T16:00:02.000Z,59181,902,24,0,131,https://www.youtube.com/watch?v=9ZkkbHW-Pgo
A-D-5TPE5cQ,How Traditional Turkish Ice Cream Is Made,2017-10-20T19:57:55.000Z,19414,258,8,0,32,https://www.youtube.com/watch?v=A-D-5TPE5cQ
a_3uT3f6yso,Juicy Texas BBQ Are Served By The Pound In LA Parking Lots,2018-05-22T16:00:01.000Z,77409,1001,25,0,76,https://www.youtube.com/watch?v=a_3uT3f6yso
a5cHbQEPT9M,Toronto's Most Famous Cookie Cakes,2018-03-28T16:00:00.000Z,575092,7619,172,0,454,https://www.youtube.com/watch?v=a5cHbQEPT9M
ACMxsPh8WUU,How Used Beer Grain Gets Turned Into Flour,2019-01-30T17:00:03.000Z,18504,403,13,0,44,https://www.youtube.com/watch?v=ACMxsPh8WUU
af-ixPsrPcE,Chick-Fil-A's Secret Menu: Buffalo Spicy Chicken Sandwich | Fast Food Secret Menus,2018-11-15T17:00:02.000Z,82718,1247,86,0,88,https://www.youtube.com/watch?v=af-ixPsrPcE
aFFQrVdQm2k,How The Best French Butter Is Made,2019-01-11T17:00:00.000Z,816608,8491,541,0,805,https://www.youtube.com/watch?v=aFFQrVdQm2k
aGMIguQTEsY,This Chef Made The Spicy Noodle Challenge Even Spicier,2017-10-27T21:00:01.000Z,910178,6377,160,0,726,https://www.youtube.com/watch?v=aGMIguQTEsY
aHw0zMfu6ZY,Fried Onion Is Covered In Cheese,2018-08-24T16:00:00.000Z,101026,1620,49,0,262,https://www.youtube.com/watch?v=aHw0zMfu6ZY
aIKPhOBMHng,How Mooncakes Are Made,2018-11-04T21:00:00.000Z,96549,1644,57,0,145,https://www.youtube.com/watch?v=aIKPhOBMHng
aLg3rMGml9s,How A Family Bakery Makes Brooklyn's Favorite Conchas,2019-01-19T17:00:01.000Z,293349,4491,95,0,367,https://www.youtube.com/watch?v=aLg3rMGml9s
Alg9Kohm3uw,The Best Cheesecake In NYC | Legendary Eats,2018-11-05T17:00:00.000Z,207218,4073,68,0,272,https://www.youtube.com/watch?v=Alg9Kohm3uw
AmWxtntKTxs,Frozen Custard Is Thicker Than Ice Cream At This Wisconsin Shop | Legendary Eats,2018-09-22T20:00:00.000Z,472414,8207,155,0,681,https://www.youtube.com/watch?v=AmWxtntKTxs
AoUN2vq__W4,Chocolate Bars Made From Avocado Toast,2018-08-03T16:00:02.000Z,84798,1472,136,0,507,https://www.youtube.com/watch?v=AoUN2vq__W4
aPrIfFZBrmQ,Tiny Chocolates Disguised As Realistic Foods,2018-07-09T16:00:01.000Z,480849,7422,85,0,363,https://www.youtube.com/watch?v=aPrIfFZBrmQ
aq-kMHuyCc0,Boost Kulukki Is The Ultimate Shaken Drink,2017-12-27T21:00:00.000Z,107314,1544,39,0,146,https://www.youtube.com/watch?v=aq-kMHuyCc0
AqBVqZ3esRQ,How A Baker Makes Cakes Look Realistic,2018-02-18T18:00:03.000Z,356352,6295,91,0,440,https://www.youtube.com/watch?v=AqBVqZ3esRQ
AqGH3sgjF8Y,Giant Paella Is A Night Market Highlight In NYC,2017-11-10T23:30:00.000Z,4690,62,4,0,7,https://www.youtube.com/watch?v=AqGH3sgjF8Y
aqiIMVGRy9M,Food Truck Makes Fresh Pasta,2018-01-03T19:00:00.000Z,105426,1388,43,0,80,https://www.youtube.com/watch?v=aqiIMVGRy9M
AVdjYHpGfPY,Brooklyn Bakery And Bar Is All About Empowering Women,2019-01-14T17:00:04.000Z,47802,998,266,0,293,https://www.youtube.com/watch?v=AVdjYHpGfPY
avpj9CPVANE,The Best Cheesesteak In Philadelphia | Best Of The Best,2018-12-15T17:00:00.000Z,2129992,19079,2113,0,3719,https://www.youtube.com/watch?v=avpj9CPVANE
b2A2w2yWGlY,Pasta Bowls Made Entirely Of Cheese,2018-09-13T16:00:05.000Z,161636,2200,101,0,265,https://www.youtube.com/watch?v=b2A2w2yWGlY
B5Jqb560Csg,Meet The Chef Behind London’s Most Viral Desserts,2018-12-01T17:00:03.000Z,121818,2329,55,0,105,https://www.youtube.com/watch?v=B5Jqb560Csg
bbribzO2CIo,How Rainbow Cake Balls Are Made,2017-12-26T18:19:55.000Z,296136,3742,95,0,213,https://www.youtube.com/watch?v=bbribzO2CIo
BCWdxCXfUb4,Ultimate Bucket List For Grilled Cheese Lovers,2018-02-03T15:00:01.000Z,91017,1453,42,0,68,https://www.youtube.com/watch?v=BCWdxCXfUb4
bdw-DL4RipY,Rainbow Cookie Cake Is Giant Version Of Italian Classic | Jumbo Eats,2018-08-04T16:00:03.000Z,62484,797,34,0,84,https://www.youtube.com/watch?v=bdw-DL4RipY
BdXMApfRyCs,Hold A Whole Wine Bottle In This Glass,2018-03-24T16:00:02.000Z,21312,280,27,0,70,https://www.youtube.com/watch?v=BdXMApfRyCs
Be1Z2le-q5M,This restaurant has made £1 million from viral foods like this donut cheeseburger,2017-10-04T12:52:46.000Z,26435,242,19,0,26,https://www.youtube.com/watch?v=Be1Z2le-q5M
BGhizNfRcig,What Makes Brazilian BBQ So Unique,2017-10-30T20:00:01.000Z,7932,81,1,0,17,https://www.youtube.com/watch?v=BGhizNfRcig
bHgGgBKwrwU,Who Invented The Original Rainbow Bagel?,2017-10-18T21:51:06.000Z,533189,3432,91,0,474,https://www.youtube.com/watch?v=bHgGgBKwrwU
BKNeGN50WHQ,Could You Finish This Gyro Plate With 7 Pounds Of Meat? | Can We Finish It?,2018-08-29T16:00:04.000Z,70330,1055,50,0,201,https://www.youtube.com/watch?v=BKNeGN50WHQ
bNPy4r95GQI,7 Places That Serve Avocado With A Twist,2018-09-19T16:00:10.000Z,68421,1037,26,0,137,https://www.youtube.com/watch?v=bNPy4r95GQI
BPj0tWIpHRg,We Tried The New McDonald's Donut Sticks,2019-02-19T22:13:52.000Z,122492,1521,136,0,374,https://www.youtube.com/watch?v=BPj0tWIpHRg
BRZu9463e7Y,Super Fresh Seafood From Jagalchi Market,2017-10-20T15:18:18.000Z,41407,292,108,0,233,https://www.youtube.com/watch?v=BRZu9463e7Y
BUNmFK_SvPQ,"Crunchy, Twirly Fries Are Ultimate Fair Food",2018-04-01T16:00:01.000Z,92892,1263,22,0,121,https://www.youtube.com/watch?v=BUNmFK_SvPQ
BVQL3SA7IHA,Pepperoni Pizza Topped With Pepperoni Pizza Rolls,2017-10-27T22:00:00.000Z,29522,403,12,0,30,https://www.youtube.com/watch?v=BVQL3SA7IHA
BVz6S1OhLuY,"Turkey's Best Cheesy, Late-Night Snack",2017-10-19T22:08:46.000Z,86970,903,23,0,135,https://www.youtube.com/watch?v=BVz6S1OhLuY
bwkwduhzry0,India's Favorite Street Treat Is A Sugary Swirl,2018-04-30T16:00:05.000Z,66762,1100,44,0,283,https://www.youtube.com/watch?v=bwkwduhzry0
Bx4LcNXlDLs,Best Churros Are A Marine's Family Recipe,2018-03-08T15:29:26.000Z,236473,2804,88,0,226,https://www.youtube.com/watch?v=Bx4LcNXlDLs
BXV4Mg3lC8I,Cover Your Dessert With Chocolate On Tap,2017-12-14T15:30:00.000Z,500836,5456,140,0,635,https://www.youtube.com/watch?v=BXV4Mg3lC8I
BZyVxpYzLik,Malted Pancakes Swimming in Sauce,2017-10-30T19:01:31.000Z,23183,227,9,0,21,https://www.youtube.com/watch?v=BZyVxpYzLik
C-hsIZzzDts,Is A 10-Course Tasting Menu That Costs $10 Actually Good? | Best Thing On The Menu,2018-12-25T17:00:04.000Z,300316,3260,230,0,401,https://www.youtube.com/watch?v=C-hsIZzzDts
C_3PRcpoMWo,"McDonald's Secret Menu: The Big McChicken & Land, Sea, & Air Burger | Fast Food Secret Menus",2018-11-08T17:00:01.000Z,65659,1002,57,0,92,https://www.youtube.com/watch?v=C_3PRcpoMWo
c3qj7QyvRvI,Would You Eat A Soft-Shell Crab Fried In Hot Cheetos?,2018-10-08T16:00:08.000Z,90447,1406,96,0,295,https://www.youtube.com/watch?v=c3qj7QyvRvI
C7t4W-r2uE4,Inside The Italian Factory Making Wine-Soaked Cheese,2018-01-25T10:45:05.000Z,15412,109,12,0,13,https://www.youtube.com/watch?v=C7t4W-r2uE4
CAwuJ8s6cyQ,This Restaurant Serves A Tuna Roll That's Actually Watermelon | WTF Food,2018-10-09T16:00:03.000Z,77415,996,146,0,300,https://www.youtube.com/watch?v=CAwuJ8s6cyQ
cBefZnhf2QE,What Does A Caviar Sandwich Taste Like? | What's It Taste Like,2018-12-11T17:00:05.000Z,56068,619,120,0,198,https://www.youtube.com/watch?v=cBefZnhf2QE
CcxMPd_KLwY,Theatrical Desserts Come With Liquid Nitrogen And Flaming Rum,2018-06-01T16:00:01.000Z,45520,716,30,0,42,https://www.youtube.com/watch?v=CcxMPd_KLwY
CDBjax8Is8o,Spanish Ham Costs $700,2018-02-13T16:00:03.000Z,2045080,6006,897,0,1213,https://www.youtube.com/watch?v=CDBjax8Is8o
CGQtq1fqaSw,Fresh Chinese Noodles Made Right Before Your Eyes,2018-05-01T16:00:00.000Z,33855,568,16,0,32,https://www.youtube.com/watch?v=CGQtq1fqaSw
Cjuujtb2scE,Millennials Try Shake Shack Burgers For The First Time,2018-09-23T16:00:02.000Z,41334,504,83,0,160,https://www.youtube.com/watch?v=Cjuujtb2scE
cjWkA-3tScc,Monster Burger Weighs 8 Pounds,2017-12-01T16:30:01.000Z,38685,581,16,0,71,https://www.youtube.com/watch?v=cjWkA-3tScc
CKipv6C8svM,Restaurant Serves 101 Kinds Of Omelettes,2017-12-11T15:55:57.000Z,213839,1986,115,0,282,https://www.youtube.com/watch?v=CKipv6C8svM
CMxlrOsEKFU,Why Singapore Has Tasty Street Food,2018-01-19T18:00:00.000Z,58839,660,35,0,115,https://www.youtube.com/watch?v=CMxlrOsEKFU
cngYWYiyrhg,Party Platter Made From 150 Mini Churros,2018-03-11T16:00:02.000Z,93011,1499,53,0,145,https://www.youtube.com/watch?v=cngYWYiyrhg
cOW7DUrphoQ,6 Places Cheese Lovers In London Need To Visit,2018-10-12T16:00:07.000Z,273910,4394,70,0,182,https://www.youtube.com/watch?v=cOW7DUrphoQ
cQ2xtZYg8Rw,Family Makes Their Own Cheese From Scratch,2017-11-11T23:00:01.000Z,20339,139,6,0,14,https://www.youtube.com/watch?v=cQ2xtZYg8Rw
cSq0ROzeGFs,13-Pound Burger Loaded With Pork Belly And Cheetos,2018-09-26T16:00:04.000Z,78551,1375,154,0,388,https://www.youtube.com/watch?v=cSq0ROzeGFs
cu75XOihEJE,This shop sells chocolate kebabs scraped from a rotating block of chocolate,2017-09-04T10:18:25.000Z,8655,108,6,0,3,https://www.youtube.com/watch?v=cu75XOihEJE
cubw19MQsTs,"Chef Cuts Vegetables Into Beautiful, Thin Slices",2018-04-03T16:00:05.000Z,177664,1866,42,0,141,https://www.youtube.com/watch?v=cubw19MQsTs
Cvlmh2BN76c,Burger Injected With Cheese,2018-02-02T17:00:03.000Z,442573,4004,238,0,486,https://www.youtube.com/watch?v=Cvlmh2BN76c
CxKcazmml_M,Mom Made Life-Size Cakes Of Her Daughters,2018-02-23T14:00:01.000Z,307210,3696,161,0,553,https://www.youtube.com/watch?v=CxKcazmml_M
CyFHzQA88Wo,The Best Indian Food In LA Is In A Gas Station | Legendary Eats,2019-02-06T17:00:02.000Z,921671,12297,335,0,1406,https://www.youtube.com/watch?v=CyFHzQA88Wo
D2ixGhOQQcQ,How Giant Ice Cream Cake Is Made,2018-02-17T14:00:01.000Z,447725,5085,148,0,422,https://www.youtube.com/watch?v=D2ixGhOQQcQ
d325WB_-caM,Giant Hershey's Bar Weighs 4 Pounds,2018-02-12T17:00:07.000Z,24620,348,16,0,70,https://www.youtube.com/watch?v=d325WB_-caM
d5-x2r8cyR4,We Tried A Maple Bacon Cheeseburger Covered In Peanut Butter,2018-10-27T20:00:01.000Z,57225,1066,80,0,250,https://www.youtube.com/watch?v=d5-x2r8cyR4
D7myU1dVPCM,We Tried Christmas Tree Flavored Chips,2018-10-30T16:00:02.000Z,16809,278,15,0,63,https://www.youtube.com/watch?v=D7myU1dVPCM
d8Uap_bb7vI,Cheesecakes Are Better Served On A Stick,2018-03-13T14:30:01.000Z,349319,6036,116,0,316,https://www.youtube.com/watch?v=d8Uap_bb7vI
DaoL1-H1ReE,Rainbow crepes with chocolate brownies,2017-02-28T18:05:11.000Z,3266,32,3,0,2,https://www.youtube.com/watch?v=DaoL1-H1ReE
DCERwCzvqkU,Eataly's Cannoli Bar In New York Has Over 340 Flavor Combinations,2018-08-11T16:00:00.000Z,67309,1112,42,0,120,https://www.youtube.com/watch?v=DCERwCzvqkU
Dd5RmW_J9qs,"Creamy, Colorful Cotton Candy Ice Cream Sandwiches",2017-11-20T22:30:01.000Z,8851,174,3,0,16,https://www.youtube.com/watch?v=Dd5RmW_J9qs
DGLWRSQdGOA,Brick Of Chili Cheese Fries,2018-01-02T16:00:00.000Z,490738,4724,281,0,324,https://www.youtube.com/watch?v=DGLWRSQdGOA
dhTDmRjveMY,The World’s Fanciest McDonald’s Is In Hong Kong,2018-11-03T20:00:05.000Z,218862,4017,106,0,337,https://www.youtube.com/watch?v=dhTDmRjveMY
dJA6xujy7y0,London Restaurant Cooks Whole Prime Ribs Over Indoor Fire Pit,2019-01-09T17:00:12.000Z,48699,731,35,0,93,https://www.youtube.com/watch?v=dJA6xujy7y0
dlKcvayV8iI,How Korean Blood Sausage Is Made,2018-08-02T16:00:06.000Z,259420,2387,956,0,1399,https://www.youtube.com/watch?v=dlKcvayV8iI
DLQGyuFbLGw,Hotpot Lets You Try 4 Kinds Of Broth And Spice,2018-04-20T16:00:00.000Z,104699,1321,54,0,78,https://www.youtube.com/watch?v=DLQGyuFbLGw
dmDOdA56tkM,Texas BBQ Has A Secret Location In LA,2018-05-02T16:00:06.000Z,4676792,28434,1944,0,1974,https://www.youtube.com/watch?v=dmDOdA56tkM
Dnezt64EuhE,Welcome To Chicken Finger Heaven,2017-12-18T19:05:45.000Z,256717,3372,61,0,157,https://www.youtube.com/watch?v=Dnezt64EuhE
Do8BElJHPPU,Ice Cream Pints Packed With Tons Of Toppings,2018-07-25T16:00:03.000Z,465300,6361,105,0,420,https://www.youtube.com/watch?v=Do8BElJHPPU
dordm25ObRc,"We Tried Vegan, Cannabis-Infused Frozen Yogurt",2018-08-20T16:00:09.000Z,87368,1196,137,0,398,https://www.youtube.com/watch?v=dordm25ObRc
dp-ZXV3GmYU,How Eggs Are Packaged,2017-11-01T21:30:00.000Z,1342,12,3,0,2,https://www.youtube.com/watch?v=dp-ZXV3GmYU
dp1Oismq-Pk,Londoners went crazy for these 'Mermaid Toasts' made with glittery cucumber and Nutella spread,2017-06-27T08:06:06.000Z,1500,31,1,0,0,https://www.youtube.com/watch?v=dp1Oismq-Pk
DqRBhuU0imI,We Tried The 911 Hot Wings Challenge,2017-10-17T22:01:19.000Z,894827,4896,214,0,1066,https://www.youtube.com/watch?v=DqRBhuU0imI
DrX5YecdCfw,Fruit And Marshmallow Skewers Drizzled With Melted Chocolate,2018-06-21T18:00:01.000Z,106298,2350,37,0,158,https://www.youtube.com/watch?v=DrX5YecdCfw
dVZNWGcUKr4,Arby's Secret Menu: The Meat Mountain & Double Reuben Sandwich | Fast Food Secret Menus,2018-12-06T17:00:09.000Z,39008,649,30,0,58,https://www.youtube.com/watch?v=dVZNWGcUKr4
dx4dCHvx-oA,Pizza Loaded With Tater Tots,2017-12-18T21:00:01.000Z,53632,987,19,0,73,https://www.youtube.com/watch?v=dx4dCHvx-oA
dzaL822DLA0,How A 100-Pound Cinnamon Roll Is Made,2018-02-26T23:00:01.000Z,172372,2208,61,0,231,https://www.youtube.com/watch?v=dzaL822DLA0
e_sLPSBIKig,We Tried Fish Eyeballs,2018-03-21T20:00:02.000Z,646897,3938,667,0,1406,https://www.youtube.com/watch?v=e_sLPSBIKig
E0snFza8Xqo,Is A $90 24-Karat Gold Burger Worth It?,2018-05-03T16:00:01.000Z,150335,1815,156,0,335,https://www.youtube.com/watch?v=E0snFza8Xqo
e5t3mx8HBb0,Why Lucali Is The Most Legendary Pizza Restaurant In Brooklyn | Legendary Eats,2019-03-06T17:00:04.000Z,655353,10693,287,0,1579,https://www.youtube.com/watch?v=e5t3mx8HBb0
E7ECqsGMXWk,How The French Dip Was Accidentally Invented | Legendary Eats,2018-10-28T20:00:00.000Z,139761,2060,92,0,213,https://www.youtube.com/watch?v=E7ECqsGMXWk
EDfY91zAiYo,Burger Covered In Cheese Fondue,2018-06-10T16:00:02.000Z,87868,1756,81,0,207,https://www.youtube.com/watch?v=EDfY91zAiYo
eENBoEFicos,How Rainbow Cake Sprinkles Are Made,2018-06-18T16:00:06.000Z,1843359,23608,591,0,1962,https://www.youtube.com/watch?v=eENBoEFicos
Egx1gzo_9EQ,We Tried Prince Harry's Favorite Drink — A Cocktail In A Treasure Chest,2018-05-18T16:00:01.000Z,13817,161,25,0,26,https://www.youtube.com/watch?v=Egx1gzo_9EQ
eIMElIJAFQM,How Potato Chips Are Made,2018-09-29T20:00:05.000Z,64467,1135,59,0,139,https://www.youtube.com/watch?v=eIMElIJAFQM
eIs1YR0j_0w,A five-star London hotel makes rainbow croissants,2017-05-11T14:00:05.000Z,5674,69,3,0,6,https://www.youtube.com/watch?v=eIs1YR0j_0w
ejcXfc4l4vw,How Italian mozzarella cheese is made,2017-04-15T16:00:05.000Z,17254,103,5,0,3,https://www.youtube.com/watch?v=ejcXfc4l4vw
EJYbyJk1GpE,Try Burgers With Doughnuts For Buns,2018-06-25T16:00:01.000Z,52675,987,38,0,168,https://www.youtube.com/watch?v=EJYbyJk1GpE
EkdlPdS1MEI,Cake Molds Like Legos For Baking,2018-02-07T19:00:01.000Z,105992,1268,47,0,63,https://www.youtube.com/watch?v=EkdlPdS1MEI
eKw0a9OUE6I,Why You Should Try Udon As A Substitute For Pasta,2018-03-23T16:00:05.000Z,2186783,33535,1568,0,3338,https://www.youtube.com/watch?v=eKw0a9OUE6I
Eo_W6PO1n2A,How A Bar Makes Giant Margaritas,2018-01-16T23:00:01.000Z,18679,262,12,0,36,https://www.youtube.com/watch?v=Eo_W6PO1n2A
eponJ-3LHAk,LA Shop Only Makes Peanut Butter And Jelly Sandwiches,2018-08-27T18:00:06.000Z,458644,6946,807,0,1510,https://www.youtube.com/watch?v=eponJ-3LHAk
ERMJ5xE7-6A,"The \world's best pizzeria'\"" is in London""",2017-02-06T09:35:14.000Z,17889,218,14,0,28,https://www.youtube.com/watch?v=ERMJ5xE7-6A
EsrLDD8FKUE,5 Free Food Tours That Will Make You Drool,2019-02-07T18:00:01.000Z,106716,1275,59,0,88,https://www.youtube.com/watch?v=EsrLDD8FKUE
et7cMypDwqU,How Italy’s Biggest Mozzarella Balls Are Made,2018-12-07T17:00:08.000Z,3426102,29247,1583,0,4127,https://www.youtube.com/watch?v=et7cMypDwqU
eU9brhKbOEs,Indian Bread Puffs Up When Cooked,2018-05-27T16:00:04.000Z,93148,1388,46,0,487,https://www.youtube.com/watch?v=eU9brhKbOEs
EUX7tvF1swA,Is Detroit-Style Pepperoni Pizza Better Than A New York Slice?,2018-09-29T16:00:01.000Z,1479689,14622,1347,0,3620,https://www.youtube.com/watch?v=EUX7tvF1swA
evRs-nO372s,Bubblewrap waffle cone shop in London,2017-03-09T09:27:26.000Z,34532,276,5,0,9,https://www.youtube.com/watch?v=evRs-nO372s
EXEsn2j_XD8,The unicorn trend is far from over – you can now get unicorn freakshakes in London,2017-06-08T11:40:19.000Z,3347,62,2,0,3,https://www.youtube.com/watch?v=EXEsn2j_XD8
Ey88yCdC8qI,16-Pound Tsukemen Ramen Challenge With Strictly Dumpling | Can We Finish It?,2019-02-12T17:00:02.000Z,548583,9283,314,0,1142,https://www.youtube.com/watch?v=Ey88yCdC8qI
f--RVMcR8k4,We checked out the new London pizzeria where you can eat and play vintage video games,2017-05-20T12:00:02.000Z,738,7,1,0,1,https://www.youtube.com/watch?v=f--RVMcR8k4
f-7pPm4oR_Q,Why You Can't Handle Spicy Food,2017-11-08T00:00:01.000Z,17388,131,5,0,22,https://www.youtube.com/watch?v=f-7pPm4oR_Q
F_h5D8tv0B8,Soft Serve Has Pop Rocks And Popcorn,2017-11-01T12:00:01.000Z,10383,174,3,0,19,https://www.youtube.com/watch?v=F_h5D8tv0B8
f_JPrOGvqMY,How Cookie Cutters Are Made,2018-12-27T17:00:08.000Z,374025,3390,89,0,148,https://www.youtube.com/watch?v=f_JPrOGvqMY
f0_VqiyiNhI,Aligot Spun To Perfection At This Brazil Restaurant,2017-12-13T16:30:01.000Z,21896,307,5,0,35,https://www.youtube.com/watch?v=f0_VqiyiNhI
F01a08FqrPg,Philly Cheesesteak Pizza Is The Best Cheesy Mash Up,2018-04-15T20:00:01.000Z,81302,1253,91,0,156,https://www.youtube.com/watch?v=F01a08FqrPg
f4uaceU6Kaw,Turkish Steakhouse Serves Up Fresh Burgers,2017-10-20T15:16:08.000Z,20655,148,7,0,22,https://www.youtube.com/watch?v=f4uaceU6Kaw
F76YDjTwukc,Rice Krispie Treat Size Of 30 Regular Ones | Jumbo Eats,2018-06-16T16:00:01.000Z,137563,3244,105,0,287,https://www.youtube.com/watch?v=F76YDjTwukc
FakDqXTDhPg,We Tried The Longest Pasta Noodle In New York City,2018-01-16T19:00:02.000Z,66244,887,23,0,83,https://www.youtube.com/watch?v=FakDqXTDhPg
FFmbAxTAypU,Giant Baked Alaska Takes 5 Days to Make,2017-11-20T14:35:48.000Z,713947,6145,200,0,537,https://www.youtube.com/watch?v=FFmbAxTAypU
fgZ-hctTLbM,Best NYC Places For People With A Sweet Tooth,2018-01-05T18:00:04.000Z,2118190,30119,580,0,2005,https://www.youtube.com/watch?v=fgZ-hctTLbM
FJB-81-F33M,Fork Gets Pickle Out Of Jar Easily,2018-02-14T15:30:01.000Z,37711,314,74,0,77,https://www.youtube.com/watch?v=FJB-81-F33M
fJxBkn-melw,"Sticky Buns Drenched In Sweet, Gooey Icing",2018-04-22T20:00:01.000Z,151986,2418,57,0,171,https://www.youtube.com/watch?v=fJxBkn-melw
FKPFRMV3GcY,How M&Ms Are Made,2017-11-12T23:30:00.000Z,55399,518,47,0,84,https://www.youtube.com/watch?v=FKPFRMV3GcY
fL44RGOvWtc,Meet The Kebab Master From Turkey,2017-10-20T15:16:03.000Z,101153,608,78,0,107,https://www.youtube.com/watch?v=fL44RGOvWtc
FlRvyrdTYrc,Chicago Pizza Battle: Which Deep-Dish Pizza Is Best?,2018-01-09T20:30:00.000Z,496351,5109,231,0,651,https://www.youtube.com/watch?v=FlRvyrdTYrc
FN7PFWf7nKk,Shaved Ice Cream Is Served In A Watermelon,2018-09-04T16:00:02.000Z,67699,1232,18,0,118,https://www.youtube.com/watch?v=FN7PFWf7nKk
foLFoNPnWYM,8 Wine Experiences You Have To Try,2018-02-23T21:00:02.000Z,23025,278,25,0,54,https://www.youtube.com/watch?v=foLFoNPnWYM
FpJoyrQiThk,Poke Pizza Brings New Twist To A Classic,2017-12-26T21:30:00.000Z,52073,608,52,0,93,https://www.youtube.com/watch?v=FpJoyrQiThk
FPYv1VwIY1s,Slow Cooker Makes 3 Meals At Once,2018-03-27T16:00:01.000Z,19815,339,19,0,42,https://www.youtube.com/watch?v=FPYv1VwIY1s
fQ_aBKgPlL0,Why Plantains Make The Best Sandwiches,2018-04-08T16:00:02.000Z,71096,1447,42,0,104,https://www.youtube.com/watch?v=fQ_aBKgPlL0
FtGdc5_HfpA,The Best Pasta In Brooklyn | Legendary Eats,2019-02-14T17:00:02.000Z,161428,2072,69,0,153,https://www.youtube.com/watch?v=FtGdc5_HfpA
FTHWRSGKOtM,Creamy Artichoke Pizza is a New York Favorite,2017-11-24T22:30:01.000Z,19214,311,9,0,45,https://www.youtube.com/watch?v=FTHWRSGKOtM
FTW42MYoagY,Avocado Restaurant Only Serves Avocado Dishes,2018-10-10T16:00:02.000Z,32705,657,17,0,93,https://www.youtube.com/watch?v=FTW42MYoagY
fvCGYkfznlc,Would You Try A Quesadilla With Burnt Cheese?,2018-06-11T16:00:02.000Z,73197,1086,73,0,201,https://www.youtube.com/watch?v=fvCGYkfznlc
fVY6Ie39VIk,Fried Dough Lokma Is Stuffed With Chocolate,2018-08-21T16:00:03.000Z,111805,2188,46,0,305,https://www.youtube.com/watch?v=fVY6Ie39VIk
FWImVtt5xZM,Ultimate Cheese Tour In LA,2018-03-09T14:30:00.000Z,205243,2647,67,0,160,https://www.youtube.com/watch?v=FWImVtt5xZM
fwjZ2Fj3BTw,You Can Only Get A Starbucks Avocado Frappuccino In South Korea,2018-09-02T20:00:01.000Z,181943,2615,143,0,578,https://www.youtube.com/watch?v=fwjZ2Fj3BTw
fX1ykScxi6g,"Tofu Skin Is A Fresh, Light Delight",2018-04-24T16:00:04.000Z,59936,777,49,0,132,https://www.youtube.com/watch?v=fX1ykScxi6g
G-Kt90LuTfY,Deep fried tarantula is a delicacy in Cambodia with vendors selling up to 100 a day,2017-06-23T15:14:38.000Z,4494,8,4,0,1,https://www.youtube.com/watch?v=G-Kt90LuTfY
g4J5uGB8Aw0,Argentine Meat Platter Served On A Personal Grill,2017-11-07T13:00:02.000Z,8281,119,5,0,9,https://www.youtube.com/watch?v=g4J5uGB8Aw0
GBbjeKIKj9U,Cheesiest Garlic Bread Ever,2018-02-08T21:00:01.000Z,196350,2718,65,0,207,https://www.youtube.com/watch?v=GBbjeKIKj9U
Gfoklf-olQg,Fresh Steak Sandwiches Are A Popular Fair Food,2018-10-07T20:00:00.000Z,100609,1524,43,0,156,https://www.youtube.com/watch?v=Gfoklf-olQg
gHIHSpoeDMA,You can now buy £30 'cookie pizzas' in London,2017-09-25T11:24:48.000Z,8340,107,3,0,8,https://www.youtube.com/watch?v=gHIHSpoeDMA
gLKI1nxWozA,Longest Noodles In NYC | Which Is Better? Ep 4,2018-01-10T21:30:01.000Z,66765,699,41,0,77,https://www.youtube.com/watch?v=gLKI1nxWozA
gnLZFfgNEX8,"Fish Cooked In Hot, Melted Beeswax",2018-06-26T16:00:03.000Z,1741877,15413,2032,0,3861,https://www.youtube.com/watch?v=gnLZFfgNEX8
GNN0x7WZEWo,We Tried A Vegan Charcoal Croissant,2018-04-29T16:00:03.000Z,48718,599,91,0,162,https://www.youtube.com/watch?v=GNN0x7WZEWo
gO0Wnlbux0k,Turkish Dessert Is Deep-Fried And Soaked In Syrup,2018-09-25T16:00:09.000Z,69519,1002,39,0,253,https://www.youtube.com/watch?v=gO0Wnlbux0k
GsKXQPT6B8s,Indian Restaurant Makes Artisanal Ice Cream,2018-08-14T16:00:01.000Z,188808,4085,143,0,342,https://www.youtube.com/watch?v=GsKXQPT6B8s
GVLL7LcNX7w,How Coffee Is Made In Costa Rica,2018-01-30T15:00:01.000Z,16441,191,6,0,14,https://www.youtube.com/watch?v=GVLL7LcNX7w
GXlJse3v3v8,Chocolate Egg Is 2 Feet Long,2017-10-30T23:00:00.000Z,3457,51,3,0,8,https://www.youtube.com/watch?v=GXlJse3v3v8
gyuzJ6ldFFc,Ice Cream Nachos With Avocado Mousse,2018-06-30T16:00:05.000Z,54748,1113,37,0,131,https://www.youtube.com/watch?v=gyuzJ6ldFFc
h0V9kJjZeyc,Rice Pudding Shop Makes Over 20 Flavors | Best Thing On The Menu,2018-12-20T17:00:04.000Z,117281,1631,72,0,258,https://www.youtube.com/watch?v=h0V9kJjZeyc
h3vW6Tm3X4I,We checked out London’s first all-avocado bar where they serve up to 400 a day,2017-06-10T12:30:01.000Z,2795,30,1,0,0,https://www.youtube.com/watch?v=h3vW6Tm3X4I
h5o5v_lCXzY,Famous Texas BBQ Cooks Meat Over A Giant Indoor Grill,2018-05-08T16:00:02.000Z,89077,1288,29,0,119,https://www.youtube.com/watch?v=h5o5v_lCXzY
H6jQIhSua3o,We Tried The Secret Orange Chicken Burrito From Panda Express,2019-03-12T16:00:00.000Z,131419,1838,53,0,214,https://www.youtube.com/watch?v=H6jQIhSua3o
hajGpxApRLM,Nutella Heart Weighs 2 Pounds,2018-02-06T14:00:04.000Z,3368539,41007,1695,0,9534,https://www.youtube.com/watch?v=hajGpxApRLM
hBGlFQc_JWs,Fried Pork Skin Towers Above You,2018-02-01T17:00:06.000Z,1080134,8072,1344,0,2670,https://www.youtube.com/watch?v=hBGlFQc_JWs
hbZpi6iLEzQ,Burger Restaurant In Brazil Uses Spinning Grill,2019-02-02T17:00:03.000Z,35297,531,29,0,59,https://www.youtube.com/watch?v=hbZpi6iLEzQ
hCmZqkikE6I,100-Pound Doughnut Can Feed 375 People | WTF Food,2018-10-23T16:00:05.000Z,89925,1295,103,0,192,https://www.youtube.com/watch?v=hCmZqkikE6I
HgJI5ybtk5Y,Inside London's dim sum chain Ping Pong,2016-04-28T17:35:03.000Z,2993,26,2,0,2,https://www.youtube.com/watch?v=HgJI5ybtk5Y
hhsGmA00Jp4,6 Outrageous Pizzas You Can Only Find In NYC,2017-11-14T22:00:02.000Z,1009263,10290,481,0,870,https://www.youtube.com/watch?v=hhsGmA00Jp4
HmRdHZhvGhY,Creamery Infuses South Asian Flavors Into Ice Cream,2017-11-19T21:00:00.000Z,14475,266,4,0,23,https://www.youtube.com/watch?v=HmRdHZhvGhY
hoEkN-RZYr0,Burrito Filled With Ramen Is Asian-Fusion Galore,2017-11-23T12:00:06.000Z,24465,345,21,0,50,https://www.youtube.com/watch?v=hoEkN-RZYr0
hogIc_KLTLU,World’s Largest Deliverable Pizza Can Feed 50 People,2018-09-16T16:00:03.000Z,795336,7118,384,0,1393,https://www.youtube.com/watch?v=hogIc_KLTLU
HokoJ1KGWa8,Meet Some Of The Biggest Prawns In The World,2018-03-30T16:00:02.000Z,152338,1328,115,0,222,https://www.youtube.com/watch?v=HokoJ1KGWa8
HRw6alXJ468,Cakes Are Disguised As Everyday Objects,2018-07-15T16:00:01.000Z,957407,10982,303,0,617,https://www.youtube.com/watch?v=HRw6alXJ468
hS9noIf9YDs,$900 Treasure Chest Filled With 200 Ladurée Macarons,2018-07-17T16:00:04.000Z,401309,6459,109,0,742,https://www.youtube.com/watch?v=hS9noIf9YDs
HuOPGWJ6WtU,"Two-Pound Slices Of Greek-Style \Lasagna\""""",2018-01-18T23:00:00.000Z,253627,3739,94,0,390,https://www.youtube.com/watch?v=HuOPGWJ6WtU
hvBteQwFhDQ,Thai Noodles Change Color,2017-11-20T13:00:03.000Z,11409,192,9,0,17,https://www.youtube.com/watch?v=hvBteQwFhDQ
hwdrBxY4_NM,Make Your Own Sushi By Scraping Off A Tuna Rib,2018-04-27T16:00:07.000Z,75290,871,46,0,118,https://www.youtube.com/watch?v=hwdrBxY4_NM
hxECUCdXpzo,Resort In The Maldives Prepares Food On Glass,2017-11-06T22:00:03.000Z,19661,220,7,0,7,https://www.youtube.com/watch?v=hxECUCdXpzo
i0XOrhkZJSY,We Tried The Thickest Hot Chocolate In London,2018-11-25T17:00:07.000Z,387177,7490,323,0,1225,https://www.youtube.com/watch?v=i0XOrhkZJSY
i4jrrZZf7pI,How Fresh Corn Tortillas Are Made,2018-06-15T16:00:08.000Z,97573,1098,54,0,90,https://www.youtube.com/watch?v=i4jrrZZf7pI
ib456BLmvUU,This Is A Zero-Waste Grocery Store,2017-10-20T19:50:41.000Z,16073,245,6,0,20,https://www.youtube.com/watch?v=ib456BLmvUU
iE_bFCSU4yw,How Hard Candy Lollipops Are Made,2017-10-31T22:00:02.000Z,13537,51,5,0,4,https://www.youtube.com/watch?v=iE_bFCSU4yw
ieRuoEMnb4A,Deep-Fried Camembert Burger Is A Cheese Explosion | WTF Food,2018-10-13T16:00:10.000Z,123449,2017,242,0,542,https://www.youtube.com/watch?v=ieRuoEMnb4A
IFD8ieOYZ1g,Giant Pho Weighs 13 Pounds,2018-05-06T20:00:02.000Z,190617,1997,120,0,268,https://www.youtube.com/watch?v=IFD8ieOYZ1g
IKHX72TAUVA,How Italian Parma Ham Is Made,2018-10-20T16:00:00.000Z,833917,4217,474,0,468,https://www.youtube.com/watch?v=IKHX72TAUVA
iKolU69iy0U,Big S'More Is The Size Of 10 Regular S'Mores,2018-04-13T16:00:10.000Z,337773,4099,76,0,335,https://www.youtube.com/watch?v=iKolU69iy0U
ILNOke3LgAI,How Sriracha Hot Sauce Is Made,2019-01-13T17:00:03.000Z,92683,1504,48,0,191,https://www.youtube.com/watch?v=ILNOke3LgAI
ILX-cVy-wq8,This chef uses a 3D printer to create incredible cakes,2017-10-23T09:22:11.000Z,165352,2065,71,0,86,https://www.youtube.com/watch?v=ILX-cVy-wq8
ipLt1rHz1C0,Why This Chef Never Puts Cheese In A Sandwich,2019-03-13T16:00:10.000Z,139362,1526,138,0,338,https://www.youtube.com/watch?v=ipLt1rHz1C0
IPq4Noc3Juc,"Restaurant Goes Through 1,500 Pounds Of Potatoes A Week",2017-12-21T22:30:00.000Z,36969,532,15,0,53,https://www.youtube.com/watch?v=IPq4Noc3Juc
IQGIJHGwy5c,How Skittles Are Made,2018-04-09T16:00:02.000Z,1674378,9979,3289,0,1258,https://www.youtube.com/watch?v=IQGIJHGwy5c
itpxWclQbdE,"Restaurant Has 22,000 Pounds Of Beef",2018-08-28T16:00:11.000Z,35381,607,24,0,115,https://www.youtube.com/watch?v=itpxWclQbdE
IWEG9W-7Euw,Super Sticky Buns Are A Southern Treat,2017-10-20T20:08:40.000Z,16730,232,2,0,13,https://www.youtube.com/watch?v=IWEG9W-7Euw
Ixjvrm-UrMs,7 Wine Gadgets Every Wine Lover Needs,2017-10-31T22:00:01.000Z,2403,25,0,0,4,https://www.youtube.com/watch?v=Ixjvrm-UrMs
IYdXRQXbnbQ,Pizza Crust Made Out Of Ramen,2018-03-22T20:00:01.000Z,125688,1617,219,0,372,https://www.youtube.com/watch?v=IYdXRQXbnbQ
IzHsGaWjE6k,Possibly The Messiest Buffalo Chicken Wings,2018-09-23T20:00:01.000Z,87273,1455,46,0,215,https://www.youtube.com/watch?v=IzHsGaWjE6k
izujZPMuhDs,Fruit Fries Made Of Apples,2018-06-08T16:00:03.000Z,138701,2788,64,0,288,https://www.youtube.com/watch?v=izujZPMuhDs
J-BGMmERObk,The Best Cheese Curds In Wisconsin,2018-10-21T20:00:01.000Z,100991,1176,110,0,171,https://www.youtube.com/watch?v=J-BGMmERObk
J-BkTq5zh5g,Glitter Cappuccino Is The Most Extra Drink,2017-11-16T21:00:01.000Z,305871,4137,182,0,1323,https://www.youtube.com/watch?v=J-BkTq5zh5g
j0A6Dgx3CIA,Pumpkin Pie Ice Cream Served In A Pumpkin,2018-10-31T16:00:26.000Z,49210,1151,29,0,133,https://www.youtube.com/watch?v=j0A6Dgx3CIA
j2yePiCvF4c,Massive Meatball Weighs Over 1 Pound | Jumbo Eats,2018-07-14T16:00:03.000Z,57764,876,61,0,169,https://www.youtube.com/watch?v=j2yePiCvF4c
j5YmbQNu1aw,Colorful Chocolate Eggs Are Too Beautiful To Eat,2018-03-25T16:00:06.000Z,213594,2665,70,0,198,https://www.youtube.com/watch?v=j5YmbQNu1aw
jCgiNZ9f2Pw,What Ice Cream Looks Like In 7 Countries Around The World,2018-11-26T17:00:04.000Z,2520171,29270,2855,0,4329,https://www.youtube.com/watch?v=jCgiNZ9f2Pw
jdTFL-r4ikY,Try 15 Types of Gnocchi At This NYC Restaurant,2017-10-19T22:07:16.000Z,11132,96,1,0,12,https://www.youtube.com/watch?v=jdTFL-r4ikY
jf0ZtZ8CVkk,Inside Italy’s Only Starbucks,2019-03-08T17:00:09.000Z,222286,3283,78,0,335,https://www.youtube.com/watch?v=jf0ZtZ8CVkk
Jf5GBphqnXY,6 Facts You Never Knew About Chick-fil-A,2018-06-17T16:00:01.000Z,37033,621,24,0,83,https://www.youtube.com/watch?v=Jf5GBphqnXY
jgWOMRRrKg4,9 Kitchen Gadgets For Cheese Lovers,2018-04-23T16:00:06.000Z,2628318,23246,1849,0,1859,https://www.youtube.com/watch?v=jgWOMRRrKg4
JKN7Uc5xbK8,Best Dumplings In NYC With Strictly Dumpling,2018-04-21T16:34:47.000Z,820445,15146,360,0,1346,https://www.youtube.com/watch?v=JKN7Uc5xbK8
JNF-GEuhjmo,Poke Pizza Brings A New Twist To A Classic Dish,2018-10-06T20:00:00.000Z,37500,784,88,0,146,https://www.youtube.com/watch?v=JNF-GEuhjmo
jnMc9L4wpA4,Spice Up Happy Hour With Margaritas Filled With 3 Coronas,2018-05-21T16:00:08.000Z,18931,321,37,0,39,https://www.youtube.com/watch?v=jnMc9L4wpA4
jPQ87J_5qyw,How Domino's Makes Its Pizza,2018-04-05T16:00:05.000Z,13838976,118044,7129,0,16067,https://www.youtube.com/watch?v=jPQ87J_5qyw
jsvFXLE6MXQ,We Tried A Caffeine-Free Charcoal Latte Made With Coconut Shells,2018-06-13T16:00:03.000Z,52806,1143,65,0,155,https://www.youtube.com/watch?v=jsvFXLE6MXQ
jTtH7Fq1trw,Brownie Tower Is Full Of Sweets,2018-04-02T16:00:08.000Z,244202,4098,94,0,339,https://www.youtube.com/watch?v=jTtH7Fq1trw
JucwSiTMVw8,San Diego Restaurant Serves New Cheese Wheel Pasta Every Week,2019-01-31T17:00:02.000Z,103528,1146,183,0,70,https://www.youtube.com/watch?v=JucwSiTMVw8
JwAw6EZMWOI,How Far Can You Customize Your McDonald's Order?,2019-01-16T17:00:03.000Z,1339530,18338,1863,0,1675,https://www.youtube.com/watch?v=JwAw6EZMWOI
JXF9y0M_U2E,Cincinnati Is Melting Over This Ice Cream Brand,2018-03-20T14:00:01.000Z,248997,3519,56,0,168,https://www.youtube.com/watch?v=JXF9y0M_U2E
k-USwsHZIpc,Best Hot Chocolate In London,2018-03-07T17:00:10.000Z,2230881,32846,947,0,2173,https://www.youtube.com/watch?v=k-USwsHZIpc
k455kZNhSrc,Mini Fried Eggs Are Thailand's Cutest Street Food,2017-11-23T22:00:03.000Z,57670,547,28,0,115,https://www.youtube.com/watch?v=k455kZNhSrc
K6_lYeVtDBE,Watch A Chef Break Down A 250-Pound Tuna,2018-03-20T18:14:59.000Z,38021,370,32,0,149,https://www.youtube.com/watch?v=K6_lYeVtDBE
kcGkKap_3Z4,6 Ways To Try Next-Level Boba Creations,2018-10-19T16:00:14.000Z,783316,12593,321,0,606,https://www.youtube.com/watch?v=kcGkKap_3Z4
kI7_C0YSJ6U,Fried Hot Dog Wrapped In A Fried Chicken Bun,2017-12-20T15:24:34.000Z,84771,1223,52,0,128,https://www.youtube.com/watch?v=kI7_C0YSJ6U
kIESJkWTdxU,Cereal Pies Are A Breakfast Lover's Dream,2018-05-30T16:00:04.000Z,84661,1551,58,0,126,https://www.youtube.com/watch?v=kIESJkWTdxU
kkgXn2feQhc,The Finnish Bakery Putting Crickets Into Their Bread,2017-11-29T15:40:07.000Z,7262,50,13,0,29,https://www.youtube.com/watch?v=kkgXn2feQhc
kLnU_STd1H0,Is Brownie Batter Better Than Cookie Dough?,2018-12-04T17:00:13.000Z,84082,1601,70,0,178,https://www.youtube.com/watch?v=kLnU_STd1H0
KNEGeO-RrOA,What It's Like To Try The Spiciest Noodles In The World,2018-07-08T16:00:04.000Z,236809,5118,139,0,1396,https://www.youtube.com/watch?v=KNEGeO-RrOA
kOkkwmyefuw,Leon’s Frozen Custard Has Been A Wisconsin Staple Since 1942,2018-10-14T20:00:00.000Z,75751,1671,29,0,138,https://www.youtube.com/watch?v=kOkkwmyefuw
KqquIRZUW5A,How Is McDonald's Different In Switzerland?,2019-02-13T17:00:05.000Z,71515,1324,222,0,225,https://www.youtube.com/watch?v=KqquIRZUW5A
Kr6VLrzv3DA,"Is The World's Most Expensive Ice Cream Worth Its $1,000 Price Tag? | WTF Food",2018-12-21T17:00:03.000Z,122742,1688,150,0,344,https://www.youtube.com/watch?v=Kr6VLrzv3DA
kRnx3dGIs4A,How Giant Fortune Cookies Are Made,2018-02-15T22:00:02.000Z,47809,538,14,0,68,https://www.youtube.com/watch?v=kRnx3dGIs4A
Ks8nh4vjiM8,We Tried The Best Taco In Manhattan | Legendary Eats,2018-12-26T17:00:01.000Z,266055,2683,194,0,301,https://www.youtube.com/watch?v=Ks8nh4vjiM8
KsWGJEMkhm8,Grill Meat Yourself On A 500°F Stone,2017-10-19T21:40:17.000Z,13802,118,2,0,15,https://www.youtube.com/watch?v=KsWGJEMkhm8
KumlR7n9Iyo,Ben's Cookies Are Gooey Chocolate Chunk Goodness,2017-10-27T20:00:02.000Z,118578,1574,36,0,154,https://www.youtube.com/watch?v=KumlR7n9Iyo
KUQ5rHjbA30,Spinning Cake Is Meant To Look Like Tree Bark,2019-01-03T17:00:05.000Z,166503,1505,61,0,172,https://www.youtube.com/watch?v=KUQ5rHjbA30
kuzzzL_98H4,We Tried Everything On The Menu At NYC's Nutella Cafe | Best Thing On The Menu,2018-11-23T17:00:05.000Z,539570,6643,491,0,804,https://www.youtube.com/watch?v=kuzzzL_98H4
KwE4OhmwMsw,Blanket Your Burger In Melted Cheese Curds,2018-04-25T16:00:02.000Z,58464,1062,37,0,75,https://www.youtube.com/watch?v=KwE4OhmwMsw
KWsMOLb5EF4,We Tried The Jiggliest Cheesecake In NYC,2018-03-05T16:00:02.000Z,112477,1435,62,0,136,https://www.youtube.com/watch?v=KWsMOLb5EF4
kz26ZoXlmr4,Print Your Selfie On Coffee,2017-11-14T00:00:01.000Z,5230,77,4,0,13,https://www.youtube.com/watch?v=kz26ZoXlmr4
L-E_4B3f8uI,Pizza Topped With Tater Tots And Cheese Wiz,2018-09-30T16:00:02.000Z,47269,811,73,0,171,https://www.youtube.com/watch?v=L-E_4B3f8uI
l_Q2bFDogFM,How People Use Sugarcane Juice Around The World,2018-07-16T16:00:05.000Z,57991,911,50,0,206,https://www.youtube.com/watch?v=l_Q2bFDogFM
l5jyzPIKGBE,Ice Cream Sandwiches Made From Macarons,2018-02-07T23:00:05.000Z,64049,1011,22,0,48,https://www.youtube.com/watch?v=l5jyzPIKGBE
l6ftP2UFZoE,What A $240 Tasting Menu Looks Like At Los Angeles' Best Seafood Restaurant,2018-12-14T17:00:10.000Z,180529,1358,351,0,247,https://www.youtube.com/watch?v=l6ftP2UFZoE
L8t7gL26Mp0,How Fleshy Fungus Scoby Becomes Kombucha,2018-09-02T16:00:03.000Z,76190,807,81,0,235,https://www.youtube.com/watch?v=L8t7gL26Mp0
l98EQiFvETA,Couple Makes Big Versions Of Your Favorite Foods,2018-01-16T17:00:07.000Z,301958,4397,157,0,609,https://www.youtube.com/watch?v=l98EQiFvETA
LbuOemxRbp8,The Ultimate NYC Burger Tour,2018-08-01T16:00:05.000Z,73266,1262,68,0,135,https://www.youtube.com/watch?v=LbuOemxRbp8
lcic4x58f_A,I Ate Nothing But Blue Apron For A Week,2018-11-10T17:00:10.000Z,70535,897,973,0,328,https://www.youtube.com/watch?v=lcic4x58f_A
Ldui4vWjhqI,Pizza Is Topped With Cheeseburgers,2018-10-10T16:00:05.000Z,33825,631,35,0,143,https://www.youtube.com/watch?v=Ldui4vWjhqI
LEpRcAEnR_A,We Tried The Best Fry Dishes At This French Fry-Only Restaurant,2018-12-13T17:00:01.000Z,262566,3395,230,0,250,https://www.youtube.com/watch?v=LEpRcAEnR_A
liHv1Ah7318,12 Seafood Meals That Are Anything But Basic,2018-04-06T16:00:09.000Z,61993,1054,43,0,100,https://www.youtube.com/watch?v=liHv1Ah7318
LkjWw94_Q6k,Ultimate Brunch Tour Around The World,2018-01-29T19:00:01.000Z,446225,5115,215,0,201,https://www.youtube.com/watch?v=LkjWw94_Q6k
lM2w0CTT-Hg,Meatless Scotch Eggs Are Made Using Jackfruit,2018-10-05T16:00:06.000Z,28055,493,32,0,66,https://www.youtube.com/watch?v=lM2w0CTT-Hg
Ln4nswKZiWQ,Burger Topped With Truffles And Fried Burrata,2018-10-29T16:00:02.000Z,59703,904,29,0,63,https://www.youtube.com/watch?v=Ln4nswKZiWQ
LNs1Cis4ivo,Pancakes Stuffed With Cereal Are The Perfect Breakfast Treat,2018-03-22T14:00:01.000Z,244619,3459,78,0,294,https://www.youtube.com/watch?v=LNs1Cis4ivo
loC4eju0WFA,Detroit-Style Pizza Is Topped With Mustard,2018-09-16T20:00:01.000Z,85992,1045,295,0,463,https://www.youtube.com/watch?v=loC4eju0WFA
LOO-zd12DJk,Tater Tot Nachos Are The Best Cheesy Snack,2018-01-23T19:30:00.000Z,32468,612,9,0,47,https://www.youtube.com/watch?v=LOO-zd12DJk
LOXtx0K00ZE,The 12 Biggest Food Fads In 2018,2018-12-09T17:00:01.000Z,139429,1495,129,0,243,https://www.youtube.com/watch?v=LOXtx0K00ZE
LP1gu_hEYnY,Cuban-Inspired Ice Cream Flavors,2017-11-02T21:00:00.000Z,44990,610,14,0,45,https://www.youtube.com/watch?v=LP1gu_hEYnY
lQUs8Ze9ykI,Vegan Vs Meat-Eater: Trying The Bleeding Burger,2018-10-22T16:00:10.000Z,68839,1107,56,0,198,https://www.youtube.com/watch?v=lQUs8Ze9ykI
lR1aCmQiLzY,We Tried The World's Spiciest Curry Challenge,2017-10-19T16:23:55.000Z,772585,5647,259,0,887,https://www.youtube.com/watch?v=lR1aCmQiLzY
LRlDtrxHcfI,Two Soups Are Better Than One — Panera’s New Double Bread Bowls,2018-08-09T16:00:03.000Z,78870,1055,58,0,219,https://www.youtube.com/watch?v=LRlDtrxHcfI
LSgJ7SQAZWc,Mimosas Are Made With An Entire Bottle Of Champagne,2018-07-06T16:00:02.000Z,23636,350,20,0,46,https://www.youtube.com/watch?v=LSgJ7SQAZWc
lU1eQUE180Y,Giant Gummy Pizza Weighs 225 Pounds,2018-09-21T16:00:07.000Z,62457,851,64,0,190,https://www.youtube.com/watch?v=lU1eQUE180Y
LuvBcG7v10M,Why You Should Visit Japan's Ultimate Fish Market — Tsukiji Market,2017-10-20T15:13:00.000Z,11905,92,3,0,14,https://www.youtube.com/watch?v=LuvBcG7v10M
LV-g_UrgEVE,Clear Jelly Noodles Are A Popular Chinese Street Food,2018-09-15T20:00:03.000Z,197139,2639,107,0,482,https://www.youtube.com/watch?v=LV-g_UrgEVE
lwprxjDKS20,Bakery Makes Glitter Cake Pop Bouquets,2018-03-31T16:00:04.000Z,783862,9360,219,0,477,https://www.youtube.com/watch?v=lwprxjDKS20
lZGnEC8y158,What Street Foods Look Like Around The World,2019-02-08T17:00:05.000Z,1729702,21811,2265,0,4719,https://www.youtube.com/watch?v=lZGnEC8y158
M1gr9wB2YbM,Gyoza the Size of 100 Dumplings,2017-10-20T15:05:09.000Z,27954,195,14,0,17,https://www.youtube.com/watch?v=M1gr9wB2YbM
M3CU9AlA7OU,Japanese Pancake Stuffed With Egg And Noodles,2017-12-05T21:09:12.000Z,54239,748,30,0,58,https://www.youtube.com/watch?v=M3CU9AlA7OU
m3NzXh76T9o,Five Unique Ice Cream Treats Londoners Love,2018-11-11T17:00:07.000Z,194478,2237,57,0,138,https://www.youtube.com/watch?v=m3NzXh76T9o
M40er0D4kS0,Noodles Served In Watermelon Broth Are Perfect For Summer,2018-06-22T16:00:04.000Z,187687,2398,220,0,497,https://www.youtube.com/watch?v=M40er0D4kS0
M58WGfUCFCk,Beaver Tails Are A Sweet Canadian Treat,2017-11-06T19:00:01.000Z,48053,632,13,0,94,https://www.youtube.com/watch?v=M58WGfUCFCk
M594iwAV-dE,Burger Has Fried Lobster Tails For Buns Costs $62,2018-08-10T16:00:02.000Z,438296,4538,580,0,979,https://www.youtube.com/watch?v=M594iwAV-dE
m8ADkfSP8vk,Big Marshmallow Looks Like Your Favorite Foods,2018-05-25T16:00:03.000Z,143302,2362,70,0,169,https://www.youtube.com/watch?v=m8ADkfSP8vk
MaVWO7bZbEM,Sushi Cake Shaped Like A Heart,2018-02-23T16:00:02.000Z,89441,1287,42,0,142,https://www.youtube.com/watch?v=MaVWO7bZbEM
Mbij3QH6HzU,Why This Coffee Costs $75 A Cup,2019-03-02T17:00:08.000Z,49041,651,33,0,158,https://www.youtube.com/watch?v=Mbij3QH6HzU
mbrKba0n0QA,Dip Apples And More Treats In This Delicious Caramel Fountain,2018-08-12T16:00:04.000Z,201013,2455,57,0,201,https://www.youtube.com/watch?v=mbrKba0n0QA
MeRZwwdzYL4,Wisconsin Pub Serves Giant Boots Filled With Beer And Cheese Curds,2018-10-20T20:00:00.000Z,23578,434,34,0,89,https://www.youtube.com/watch?v=MeRZwwdzYL4
MeyyhMr6qMQ,No Ordinary Döner Kebab,2017-11-09T20:00:02.000Z,286820,1591,206,0,262,https://www.youtube.com/watch?v=MeyyhMr6qMQ
MHoEHqWDx8g,Ice Cream Served With Edible Diamonds Costs Over $130,2017-08-30T08:54:43.000Z,708748,8784,227,0,992,https://www.youtube.com/watch?v=MHoEHqWDx8g
MjHCu_LMrxM,Taiwanese Dessert Is Like A Gooey Pancake With Chocolate,2018-09-30T20:00:00.000Z,118687,2043,45,0,167,https://www.youtube.com/watch?v=MjHCu_LMrxM
mk9C3w7wzWo,Get a Giant Pizza Cake at Bowlmor Bowling Alley NYC,2017-11-14T18:30:01.000Z,29423,493,9,0,37,https://www.youtube.com/watch?v=mk9C3w7wzWo
Mo3I8vRm7JU,People Are Loving The Unicorn Concha,2017-12-01T17:30:00.000Z,753872,9322,256,0,1265,https://www.youtube.com/watch?v=Mo3I8vRm7JU
MpxBmDqfwe8,LA Shut This BBQ Place Down But It’s Still Cooking,2018-08-25T16:00:01.000Z,663604,7977,395,0,1037,https://www.youtube.com/watch?v=MpxBmDqfwe8
mtPJU_FUWPk,See How Pastries Bake In The Oven,2018-02-27T18:05:44.000Z,105710,1100,34,0,40,https://www.youtube.com/watch?v=mtPJU_FUWPk
MtPUOliZPdY,We Tried A Calzone Stuffed With 10 Pounds Of Pasta,2018-07-12T16:00:02.000Z,125535,1774,111,0,250,https://www.youtube.com/watch?v=MtPUOliZPdY
mwvS8n5sDVw,Rice Bowl Filled With 6 Kinds Of Fish Eggs,2017-11-03T16:00:08.000Z,6858,98,5,0,11,https://www.youtube.com/watch?v=mwvS8n5sDVw
mxC1KRcUGRs,Some Of The Creamiest Ice Cream In The US,2018-01-05T21:00:03.000Z,732038,8915,211,0,640,https://www.youtube.com/watch?v=mxC1KRcUGRs
MYIkjsPTpZI,The Best Pierogi In NYC | Legendary Eats,2019-01-18T15:03:08.000Z,54478,912,32,0,125,https://www.youtube.com/watch?v=MYIkjsPTpZI
MySQskuS9g0,Enjoy A Mountain Of Gelato For Dessert,2017-11-10T00:00:03.000Z,139088,1481,41,0,80,https://www.youtube.com/watch?v=MySQskuS9g0
n2yJQeVYv24,Watermelon Smoked To Look Like Meat,2018-08-07T16:00:06.000Z,3018978,32852,7124,0,13182,https://www.youtube.com/watch?v=n2yJQeVYv24
N3UFL2N_kjc,Ice Cream Topped With Italian Meringue Is A Smorgasburg Hit,2018-04-26T16:00:01.000Z,118165,1967,39,0,131,https://www.youtube.com/watch?v=N3UFL2N_kjc
n7A6oaB7uJc,Texan Ribs Are Bigger Than Your Face,2018-07-04T16:00:04.000Z,717672,5312,282,0,630,https://www.youtube.com/watch?v=n7A6oaB7uJc
N8_dbnHfjg8,Black And White Cookies Have Rainbow Surprise Inside,2018-06-14T16:00:01.000Z,82955,1623,38,0,206,https://www.youtube.com/watch?v=N8_dbnHfjg8
nAIjjHfTx8g,Korean Restaurant Wraps Spicy Chicken In Melted Cheese,2018-02-05T19:00:05.000Z,205315,2892,42,0,183,https://www.youtube.com/watch?v=nAIjjHfTx8g
nEY2GKaulns,We Tried London's Moldiest Cheese,2018-02-14T19:00:05.000Z,1453370,11368,1109,0,3156,https://www.youtube.com/watch?v=nEY2GKaulns
ng5-ZUMJMCA,How Burrata Is Made,2017-11-09T22:00:05.000Z,363519,2975,133,0,155,https://www.youtube.com/watch?v=ng5-ZUMJMCA
nG8uxPakCQw,Sweet And Spicy Alligator BBQ At Smorgasburg,2018-02-28T17:00:09.000Z,1184504,8212,3437,0,4098,https://www.youtube.com/watch?v=nG8uxPakCQw
NHxYXFH92JM,What A $400 Gold-Covered Steak Tastes Like | What's It Taste Like,2019-01-17T17:00:03.000Z,129120,1428,305,0,552,https://www.youtube.com/watch?v=NHxYXFH92JM
NHyjJ98WoKM,Cakes Painted In Mirror Glaze Are Works Of Art,2018-04-14T20:00:00.000Z,187417,3390,49,0,213,https://www.youtube.com/watch?v=NHyjJ98WoKM
niQuhj83ROA,Roti Is The Size Of A Table,2017-12-28T16:00:02.000Z,406263,3517,219,0,538,https://www.youtube.com/watch?v=niQuhj83ROA
NkoinnSKLUc,Mini Doughnuts Are 4 Times Smaller Than A Normal Doughnut,2018-04-16T16:00:02.000Z,77776,1455,28,0,180,https://www.youtube.com/watch?v=NkoinnSKLUc
NKZASkqbRkA,Fried Pillows Of Bread Are A New Mexico Staple,2018-11-16T17:00:01.000Z,74113,1130,44,0,240,https://www.youtube.com/watch?v=NKZASkqbRkA
NNijYDpvfRc,Burger Sandwiched Between Rainbow Bagel Buns,2017-10-20T15:10:24.000Z,15520,154,7,0,22,https://www.youtube.com/watch?v=NNijYDpvfRc
nnR8LQY0sjI,Burger Has 3 Types Of Cheese Inside,2017-12-06T14:00:03.000Z,531137,6147,162,0,495,https://www.youtube.com/watch?v=nnR8LQY0sjI
no22P9b-tIM,Ice Cream Scooped Into A Waffle Taco,2018-05-09T16:00:03.000Z,80988,1413,54,0,157,https://www.youtube.com/watch?v=no22P9b-tIM
NP_PQ3sYeX4,Pizza Crust Is Made Out Of Mini Sandwiches,2018-06-05T16:00:06.000Z,66372,1125,58,0,117,https://www.youtube.com/watch?v=NP_PQ3sYeX4
npLsaOg6sp4,Fried Doughnuts Have A Poached Egg Inside,2018-04-12T16:00:07.000Z,42907,757,29,0,47,https://www.youtube.com/watch?v=npLsaOg6sp4
nPXm0KYCX34,Fresh Wraps Are Cooked On A Hot Iron Dome,2018-09-10T16:00:13.000Z,111288,1503,62,0,279,https://www.youtube.com/watch?v=nPXm0KYCX34
NQ08UklDem4,Watch Pasta Get Made In An Italian Pasta Shop,2017-11-03T21:30:00.000Z,2484,28,1,0,5,https://www.youtube.com/watch?v=NQ08UklDem4
nqhL0xndE24,Chefs Climb Onto A Table To Make 50 Pounds Of Kimchi,2018-09-09T16:00:05.000Z,33582,455,27,0,87,https://www.youtube.com/watch?v=nqhL0xndE24
NR7XztCRVD4,Eat A Bao Bun With Your Face On It,2018-09-22T16:00:03.000Z,40608,564,47,0,144,https://www.youtube.com/watch?v=NR7XztCRVD4
ntEM1QecUJQ,Perfect Birthday Cake For Doughnut Lovers,2017-11-29T19:00:04.000Z,131539,1879,34,0,136,https://www.youtube.com/watch?v=ntEM1QecUJQ
nWJjwYR5bG0,Brunch Is Better With Boba Mimosas,2017-11-20T23:00:01.000Z,42590,439,19,0,55,https://www.youtube.com/watch?v=nWJjwYR5bG0
NwovG5yhTzs,Ever Tried Belgian Waffle Pizza?,2018-02-03T21:00:01.000Z,203946,2342,93,0,183,https://www.youtube.com/watch?v=NwovG5yhTzs
nWZNklPCdFM,Super Thin Pizza Is Made For Rolling | What's It Taste Like,2018-10-15T16:00:07.000Z,142337,2285,89,0,296,https://www.youtube.com/watch?v=nWZNklPCdFM
nXMs4Tf5yU8,Try These Deep-Fried Halloumi Cheese Fries In London,2018-08-22T16:00:08.000Z,63634,1127,30,0,155,https://www.youtube.com/watch?v=nXMs4Tf5yU8
nYpfjPuvr8M,Pick Your Own Luxurious Steak At Wolfgang Puck Steakhouse,2018-04-28T20:00:02.000Z,93755,1016,51,0,174,https://www.youtube.com/watch?v=nYpfjPuvr8M
NyY_NC9Bcw8,This is how delicious fudge is made – but half of it is pure sugar,2017-06-08T15:44:12.000Z,2000,29,2,0,0,https://www.youtube.com/watch?v=NyY_NC9Bcw8
NZolTuO467g,Dominique Ansel's Yogurt Push Pop Blooms Into A Flower,2018-09-24T16:00:05.000Z,95414,1739,45,0,121,https://www.youtube.com/watch?v=NZolTuO467g
O_Ac8fUuO3o,Soft Serve Ice Cream Comes In A Marshmallow Cereal Cone,2018-09-20T16:00:03.000Z,158269,2843,56,0,208,https://www.youtube.com/watch?v=O_Ac8fUuO3o
o11eCRmOZI4,Is Vegan Sushi Actually Good?,2018-11-22T17:00:05.000Z,37100,588,148,0,251,https://www.youtube.com/watch?v=o11eCRmOZI4
o12QNdnYDZY,What Does The Unicorn Frappuccino From Starbucks Taste Like?,2017-11-14T22:30:01.000Z,7949,108,7,0,24,https://www.youtube.com/watch?v=o12QNdnYDZY
O2OpjCctOho,"Cheesy, Venezuelan Street Food Brought To NYC",2018-11-12T17:00:04.000Z,83553,1461,34,0,173,https://www.youtube.com/watch?v=O2OpjCctOho
o8Plk4AMGGU,How Golden Chocolate Oscars Are Made For The Academy Awards,2018-03-02T15:15:06.000Z,277603,3382,99,0,254,https://www.youtube.com/watch?v=o8Plk4AMGGU
o9u7SmT1p-U,Projection Cakes Light Up,2017-10-19T21:46:35.000Z,52738,460,11,0,52,https://www.youtube.com/watch?v=o9u7SmT1p-U
OaskJWAUZeQ,Pho Served With A Whole Lobster,2017-11-07T00:00:00.000Z,19387,205,7,0,40,https://www.youtube.com/watch?v=OaskJWAUZeQ
Ob1yxoGK_cQ,Voodoo Doughnuts Have People Under A Sweet Spell,2018-05-05T20:00:00.000Z,102211,1649,115,0,255,https://www.youtube.com/watch?v=Ob1yxoGK_cQ
Ocn4QF2f1yc,Baby Sponge Cakes Fly Off The Pan,2018-06-06T16:00:02.000Z,106465,1436,39,0,132,https://www.youtube.com/watch?v=Ocn4QF2f1yc
odrpY6ItN8c,Treasure Chest That's Actually A Cocktail Enjoyed By Rihanna,2018-06-03T16:00:02.000Z,25174,455,21,0,29,https://www.youtube.com/watch?v=odrpY6ItN8c
odRVJIR8jVA,"Inside Puerto Rico's Pork Highway, The Ruta Del Lechón",2019-03-10T17:00:04.000Z,55663,698,109,0,310,https://www.youtube.com/watch?v=odRVJIR8jVA
oFi_nfnN6gQ,Behind The Scenes At America's Most Famous Butcher | Legendary Eats,2018-12-22T17:00:05.000Z,1218082,8156,786,0,1249,https://www.youtube.com/watch?v=oFi_nfnN6gQ
oFL1LbO3GY0,We Tried To See If A Hot Dog Toaster Works Better Than A Grill,2018-07-18T16:00:03.000Z,36176,475,37,0,117,https://www.youtube.com/watch?v=oFL1LbO3GY0
oh7AO4bAYgs,41 Next-Level Pizza Slices Across The US,2018-12-05T17:00:06.000Z,612066,7449,397,0,941,https://www.youtube.com/watch?v=oh7AO4bAYgs
oIn6cTve7Xw,We Tried To Eat A 7-Pound Pizza Burrito,2018-08-30T16:00:07.000Z,133546,1998,127,0,357,https://www.youtube.com/watch?v=oIn6cTve7Xw
OjTYkhpJBXM,Big Candy Bars At Hershey's Chocolate World,2018-02-06T21:00:02.000Z,1871284,24795,746,0,1765,https://www.youtube.com/watch?v=OjTYkhpJBXM
oLiMDHohwk0,Gigantic Shrimp And Carne Asada Burrito Stuffed With Fries,2018-05-20T20:00:01.000Z,59368,1118,44,0,87,https://www.youtube.com/watch?v=oLiMDHohwk0
olQz-kmNQBU,Rainbow Shaved Ice Is A Colorful Spin To An Asian Dessert,2018-01-02T18:00:04.000Z,179391,2304,32,0,140,https://www.youtube.com/watch?v=olQz-kmNQBU
onP5FJmjgEw,Pizza Is Actually A Giant Cookie Cake,2018-05-13T20:00:01.000Z,109921,1579,63,0,197,https://www.youtube.com/watch?v=onP5FJmjgEw
onYFHOoVHYw,Is Steak Tartare Safe To Eat?,2018-08-16T16:00:08.000Z,849962,8578,1350,0,4670,https://www.youtube.com/watch?v=onYFHOoVHYw
oRY3wQ4-2y4,Food artist makes videos in the styles of Hollywood directors,2017-08-31T14:30:49.000Z,8824,84,1,0,1,https://www.youtube.com/watch?v=oRY3wQ4-2y4
OsbrOiMRphk,What A 17-Layer Pork Katsu Sandwich Tastes Like | What's It Taste Like,2019-02-20T17:00:03.000Z,47637,840,58,0,147,https://www.youtube.com/watch?v=OsbrOiMRphk
oSjY6NspdY4,Ube Ice Cream Tops This Popular Filipino Dessert,2018-11-04T17:00:04.000Z,74087,1470,25,0,197,https://www.youtube.com/watch?v=oSjY6NspdY4
otxFQW8MsTI,Tacos In Doritos Bag: The Ultimate Junk Food,2018-03-29T16:00:04.000Z,230954,3032,158,0,353,https://www.youtube.com/watch?v=otxFQW8MsTI
OvTRVoAUGrE,How Giant Italian Mortadella Sausage Is Made,2018-05-25T20:00:04.000Z,1473652,4850,1033,0,764,https://www.youtube.com/watch?v=OvTRVoAUGrE
oy6hmDt_RMg,How Many Burger Sliders Can You Eat In 30 Minutes? | Can We Finish It?,2018-09-18T16:00:05.000Z,111821,1400,71,0,355,https://www.youtube.com/watch?v=oy6hmDt_RMg
p0BXD5BpFQ0,A popular UK pizzeria gave away free pizza in exchange for vegetables,2017-05-17T16:38:55.000Z,646,8,0,0,1,https://www.youtube.com/watch?v=p0BXD5BpFQ0
p5DGfDdfX3Y,We Compared IHOP's New Breakfast Sandwiches To McDonald's,2018-04-18T16:00:09.000Z,43305,614,47,0,82,https://www.youtube.com/watch?v=p5DGfDdfX3Y
paFfAHRmGdU,"Why You Should Try Jiggly, Fluffy Korean Cheesecake",2017-11-15T23:30:00.000Z,9207,120,6,0,18,https://www.youtube.com/watch?v=paFfAHRmGdU
PBTV20U5mdg,Fresh Caramel Corn Made Right Before Your Eyes,2017-11-06T20:00:02.000Z,3684,41,1,0,6,https://www.youtube.com/watch?v=PBTV20U5mdg
pDoL6jLePZc,Sip On The Selfieccino — Coffee With Your Face On It,2018-05-19T16:00:08.000Z,29183,563,20,0,72,https://www.youtube.com/watch?v=pDoL6jLePZc
pFGnBQ4ur7k,"Private Beach Café Serves Over 2,000 Pounds Of Calamari Each Week",2018-05-23T16:00:04.000Z,91236,1388,70,0,224,https://www.youtube.com/watch?v=pFGnBQ4ur7k
pHrJLlY2t94,Restaurant Makes Lazy Egg-Themed Food After Gudetama,2018-01-09T16:00:03.000Z,588437,10263,394,0,1745,https://www.youtube.com/watch?v=pHrJLlY2t94
pI2iP-NZDKw,"We Tried $3,000 Worth Of Cocktails",2018-05-16T16:00:03.000Z,92133,1274,74,0,119,https://www.youtube.com/watch?v=pI2iP-NZDKw
pis0N2D6hY0,Churros Wrapped Around Hot Dogs,2018-03-14T19:00:04.000Z,21406,366,17,0,74,https://www.youtube.com/watch?v=pis0N2D6hY0
pLF8hhykKgc,Pizza Is 6 Feet Long And Can Feed 10 People,2017-11-02T19:00:03.000Z,18783,222,5,0,15,https://www.youtube.com/watch?v=pLF8hhykKgc
Pmchb3GMNSY,Burger Drenched In Cheese: The Most Viral Food Video Of 2018,2019-01-05T17:00:03.000Z,126479,2242,152,0,236,https://www.youtube.com/watch?v=Pmchb3GMNSY
pN7s_ZmYXG4,How Does An Ostrich Egg Taste?,2018-07-21T16:00:02.000Z,1133369,11760,740,0,2602,https://www.youtube.com/watch?v=pN7s_ZmYXG4
pNnM-QJCY4I,Why Peter Luger Is The Most Legendary Steakhouse In NYC | Legendary Eats,2019-02-01T17:00:07.000Z,921922,7544,511,0,1353,https://www.youtube.com/watch?v=pNnM-QJCY4I
pT2Au8b8Y7U,Millennials Try The McRib For The First Time — Here's What They Thought,2017-11-29T17:34:34.000Z,101533,630,98,0,160,https://www.youtube.com/watch?v=pT2Au8b8Y7U
PtxomuHBAVI,Giant Ice Cream Sandwich Made For Cardi B Served At NYC Rooftop,2018-05-19T20:00:01.000Z,139463,2134,90,0,202,https://www.youtube.com/watch?v=PtxomuHBAVI
pvqk8CQD2CM,Pizza Pot Pie Is Basically A Bowl Of Cheese,2017-11-27T16:30:01.000Z,661494,6816,382,0,706,https://www.youtube.com/watch?v=pvqk8CQD2CM
PxBlZnQMIJE,Big Fried Chicken Sandwich Has 4 Buns,2018-01-26T17:00:05.000Z,140602,1955,81,0,148,https://www.youtube.com/watch?v=PxBlZnQMIJE
PXBZ-HNOH4U,Cheesy Burrata Pizza Is Taking Over The Internet,2018-09-08T20:00:00.000Z,179632,2710,160,0,291,https://www.youtube.com/watch?v=PXBZ-HNOH4U
PzEL8I_GOCU,Giant Cannoli Is Stuffed With 35 More Cannoli,2018-03-09T20:00:04.000Z,219628,3281,77,0,256,https://www.youtube.com/watch?v=PzEL8I_GOCU
Q2lRs1r8C9c,"This chef makes cakes that look like pizzas, burgers, and hotdogs",2017-07-18T14:12:54.000Z,5979,65,0,0,7,https://www.youtube.com/watch?v=Q2lRs1r8C9c
q3YSYJ6KjSY,35 Wild Burgers You Need To Eat Before You Die,2019-03-11T16:00:05.000Z,117187,2027,79,0,400,https://www.youtube.com/watch?v=q3YSYJ6KjSY
qd82es0fzGs,NYC Restaurant Makes 26 Different Flavors Of Gnocchi | Best Thing On The Menu,2019-01-06T17:00:06.000Z,136028,1874,110,0,245,https://www.youtube.com/watch?v=qd82es0fzGs
qdIGndx0-tI,Restaurant Serves 50 Tons Of Garlic A Year,2018-06-23T20:00:02.000Z,193697,2219,235,0,625,https://www.youtube.com/watch?v=qdIGndx0-tI
qfagC_PqXgY,We Tried A Pizza Made Out Of Doritos,2018-05-04T20:00:03.000Z,167590,2238,130,0,228,https://www.youtube.com/watch?v=qfagC_PqXgY
QG1iJfj-5Ts,All-Avocado Restaurant Makes Avocado Fries,2018-02-24T15:00:05.000Z,215781,2964,196,0,546,https://www.youtube.com/watch?v=QG1iJfj-5Ts
QHpUUSfjuDE,Butcher Personally Picks Out The Perfect Steak For You,2018-07-29T16:00:03.000Z,210562,2268,75,0,311,https://www.youtube.com/watch?v=QHpUUSfjuDE
qip9ExduvWo,Tower Of Cheese Wheels Make The Perfect Cake,2019-01-12T17:00:06.000Z,69116,1029,65,0,127,https://www.youtube.com/watch?v=qip9ExduvWo
Qj14VFwl1NU,Wine-Infused Pasta Is Cooked In Giant Cheese Wheel,2018-10-07T16:00:06.000Z,68037,965,51,0,146,https://www.youtube.com/watch?v=Qj14VFwl1NU
qKCgyDCwDEc,"NYC Restaurant Serves All Vegan, Homestyle Food",2018-08-18T16:00:12.000Z,101268,2344,73,0,325,https://www.youtube.com/watch?v=qKCgyDCwDEc
QlJ-vaacd8I,Singaporean Restaurant Puts Durian In All Its Food,2018-01-23T15:00:01.000Z,319188,3626,121,0,1180,https://www.youtube.com/watch?v=QlJ-vaacd8I
QmDXoSL7FIo,All-Natural Ice Cream Is The Softest And Creamiest,2018-10-04T16:00:06.000Z,340247,5492,112,0,468,https://www.youtube.com/watch?v=QmDXoSL7FIo
qo6Rqq1JtE0,Ribs Cook Over A 900 Degree Oven For 5 Hours,2018-05-17T16:00:06.000Z,152319,1514,93,0,173,https://www.youtube.com/watch?v=qo6Rqq1JtE0
Qq8QTC-_TeM,8 Places Doing Outrageous Things With Pizza,2018-01-02T21:26:02.000Z,206277,2055,99,0,219,https://www.youtube.com/watch?v=Qq8QTC-_TeM
QqAjOdaJcI4,Look Inside Cornell University's Cheese Lab,2017-10-19T22:05:03.000Z,21298,136,2,0,18,https://www.youtube.com/watch?v=QqAjOdaJcI4
qQEI6QsegRA,Burgers Are Better When Dipped In Cheese Sauce,2018-03-06T15:12:49.000Z,368424,3981,225,0,627,https://www.youtube.com/watch?v=qQEI6QsegRA
qrlXogPH1-A,"Restaurant Created A burger, Pizza, And Kebab Hybrid",2017-12-07T15:20:11.000Z,13424,116,9,0,16,https://www.youtube.com/watch?v=qrlXogPH1-A
qRTIZARsZtQ,Rainbow Mozzarella Sticks,2017-10-20T15:09:12.000Z,43502,480,21,0,56,https://www.youtube.com/watch?v=qRTIZARsZtQ
qUhbnY8lMF0,6 Best NYC Lunch Spots For Cheese Lovers,2018-10-11T16:00:10.000Z,48691,955,26,0,67,https://www.youtube.com/watch?v=qUhbnY8lMF0
QViSsHRKtQ8,Making Fancy Chocolate Desserts With Netflix's 'Nailed It' Chef Jacques Torres,2018-05-15T16:00:04.000Z,317834,4709,86,0,202,https://www.youtube.com/watch?v=QViSsHRKtQ8
qWDDvIByHJc,Ultimate Burgers Made For Cheese Lovers,2018-01-10T14:00:04.000Z,391425,5136,111,0,402,https://www.youtube.com/watch?v=qWDDvIByHJc
R2ShYu8gy74,Why Kobe Beef Is So Expensive,2017-10-20T15:05:14.000Z,117425,711,79,0,89,https://www.youtube.com/watch?v=R2ShYu8gy74
ragC7kajQPw,Juicy Burger Patties Are Actually Made From Plant Protein,2018-07-19T16:00:12.000Z,110338,1552,95,0,544,https://www.youtube.com/watch?v=ragC7kajQPw
RHb-ivOGBis,Lobster Mountain Feast Costs Nearly $400,2018-07-28T16:00:03.000Z,90416,1376,49,0,170,https://www.youtube.com/watch?v=RHb-ivOGBis
RIH9aRCBsuw,How To Cook Stuffed Peppers Perfectly,2017-11-07T17:00:02.000Z,1318,12,3,0,2,https://www.youtube.com/watch?v=RIH9aRCBsuw
rJ6wIMtHOHk,Chocolate Peanut Butter Cake Has 20 Layers,2018-02-16T15:00:03.000Z,120233,1678,31,0,186,https://www.youtube.com/watch?v=rJ6wIMtHOHk
Rl4y8LMHRwY,We Played A Wasabi Roulette Sushi Challenge,2019-02-25T19:20:23.000Z,75038,1155,74,0,160,https://www.youtube.com/watch?v=Rl4y8LMHRwY
RMZBqzGK3pU,Edible Cookie Dough Shop Is Taking Over NYC,2017-10-18T22:08:41.000Z,1885826,18559,377,0,2464,https://www.youtube.com/watch?v=RMZBqzGK3pU
rOtheQ0MS7U,How Crispy Peking Duck Is Made,2018-02-17T19:30:00.000Z,365080,2756,292,0,709,https://www.youtube.com/watch?v=rOtheQ0MS7U
rpOnDFILyf0,9 Places To Visit If You Love Beer,2018-02-19T18:00:03.000Z,17368,258,22,0,55,https://www.youtube.com/watch?v=rpOnDFILyf0
rSnNaE_yQ88,We Ate Insects At The Brooklyn Bugs Pop-Up Restaurant,2018-02-22T18:00:04.000Z,51583,413,133,0,231,https://www.youtube.com/watch?v=rSnNaE_yQ88
Rw9D_xRQK0Q,South Korean Shaved Ice Looks Like Noodles,2017-11-17T17:30:00.000Z,22389,314,7,0,38,https://www.youtube.com/watch?v=Rw9D_xRQK0Q
rws2FHE3AAM,Giant Cream Puffs Are Most Popular Food At Wisconsin State Fair,2018-09-01T16:00:06.000Z,81104,1533,16,0,192,https://www.youtube.com/watch?v=rws2FHE3AAM
rXexRzLQkvs,12 Different Types Of Pizza In One Box,2018-01-18T16:00:05.000Z,170233,2356,114,0,216,https://www.youtube.com/watch?v=rXexRzLQkvs
RYk0OIUOhgE,What Trendy Foods You Could Buy With Your 'Confetti' Winnings,2018-11-28T22:46:17.000Z,46026,618,60,0,51,https://www.youtube.com/watch?v=RYk0OIUOhgE
RZQU0uuMF24,We Tried This Giant Ostrich Egg Breakfast | WTF Food,2018-10-16T16:00:06.000Z,188893,2339,97,0,245,https://www.youtube.com/watch?v=RZQU0uuMF24
s397BVbns1E,Baby Banana Is Actually Dessert In Disguise,2018-07-30T16:00:05.000Z,202616,2732,103,0,389,https://www.youtube.com/watch?v=s397BVbns1E
S4PyBOE-99w,Cow Bone Marrow Is A Rich Delicacy In Slovenia,2017-11-16T18:00:02.000Z,23940,174,21,0,71,https://www.youtube.com/watch?v=S4PyBOE-99w
s6g_pWZx9aU,Bakery Makes Cookies Of All Sizes,2017-11-02T16:30:01.000Z,5019,87,0,0,12,https://www.youtube.com/watch?v=s6g_pWZx9aU
s7wXlDQZ_Ck,Millennials Try Cracker Barrel For The First Time,2018-09-17T16:00:07.000Z,55707,499,315,0,416,https://www.youtube.com/watch?v=s7wXlDQZ_Ck
S8hUzi6v43c,How Rock Candy Is Made,2018-02-04T19:00:02.000Z,3289629,15924,561,0,1957,https://www.youtube.com/watch?v=S8hUzi6v43c
s9ua77Nu5yk,We Tried An All-Avocado Restaurant,2018-01-25T17:30:01.000Z,226672,2436,161,0,409,https://www.youtube.com/watch?v=s9ua77Nu5yk
scdq2xfCE34,Ice cream-filled donut cones in Prague,2016-04-28T17:40:36.000Z,4321,48,2,0,1,https://www.youtube.com/watch?v=scdq2xfCE34
sDIK0893iEg,Foods Covered In Gold,2018-02-02T23:00:02.000Z,1589983,10015,686,0,2793,https://www.youtube.com/watch?v=sDIK0893iEg
SGHPM0aesfo,Watch An Omelette Explode Before Your Eyes,2017-11-15T18:30:00.000Z,116205,1143,59,0,155,https://www.youtube.com/watch?v=SGHPM0aesfo
skzx5v9cyLo,Melted Cheese Fondue Burger In NYC,2018-10-01T16:00:07.000Z,75917,1238,78,0,128,https://www.youtube.com/watch?v=skzx5v9cyLo
sp2L4fcN7BE,How Turkish Cheese Is Made,2017-10-20T19:40:10.000Z,101431,397,54,0,148,https://www.youtube.com/watch?v=sp2L4fcN7BE
SPixn7Ucyic,Michael Jordan's Giant French Fries,2017-11-18T14:30:01.000Z,211838,1543,121,0,277,https://www.youtube.com/watch?v=SPixn7Ucyic
Sqv1DN1T9dE,World’s Spiciest Ice Cream Requires Signing A Waiver Before Eating It,2018-04-15T16:00:03.000Z,700761,7560,218,0,1111,https://www.youtube.com/watch?v=Sqv1DN1T9dE
SswTFWGMmFE,Lawry's The Prime Rib Can Carve A Mean Piece Of Meat,2017-12-13T19:30:01.000Z,45583,413,68,0,219,https://www.youtube.com/watch?v=SswTFWGMmFE
sT2KkBZvOLM,We Tried Cow Intestines At This NYC Korean Restaurant,2018-08-23T16:00:08.000Z,38790,549,69,0,191,https://www.youtube.com/watch?v=sT2KkBZvOLM
ST7AdJiBuD8,"LA Shop Makes 25,000 Poke Bowls A Week",2017-10-30T22:00:01.000Z,17408,178,6,0,20,https://www.youtube.com/watch?v=ST7AdJiBuD8
stFfuo62yfc,We Tried Galaxy-Themed Froyo From 16 Handles,2018-07-24T16:00:06.000Z,51502,1123,30,0,154,https://www.youtube.com/watch?v=stFfuo62yfc
suhyTlTi28A,Steak Is Cooked In A Log Of Butter,2018-09-01T20:00:02.000Z,4384674,32505,11494,0,7138,https://www.youtube.com/watch?v=suhyTlTi28A
suvn8bZVeps,Bouquet Of Flowers Is Actually Made Of Marshmallows,2018-05-18T20:00:04.000Z,39376,733,24,0,51,https://www.youtube.com/watch?v=suvn8bZVeps
sUw_lH4UnUc,The restaurant run by nuns where everything is free,2017-10-18T08:30:02.000Z,8262,129,0,0,8,https://www.youtube.com/watch?v=sUw_lH4UnUc
sxgF-mTpTHE,How to mould boiling sugar syrup into rainbow lollipops,2017-05-03T13:18:59.000Z,12685,90,3,0,3,https://www.youtube.com/watch?v=sxgF-mTpTHE
sZSDB7_hu78,We Tried Egg Yolk Coffee,2017-11-09T21:00:02.000Z,737657,5523,636,0,1629,https://www.youtube.com/watch?v=sZSDB7_hu78
T4dIXQOtjJc,We Tried 8-Foot-Long Noodles,2018-01-17T20:00:02.000Z,592988,6879,272,0,492,https://www.youtube.com/watch?v=T4dIXQOtjJc
t4u-aAXpSyY,Hot Guts Is The Texas BBQ Sausage To Try,2017-10-19T21:46:50.000Z,37613,168,17,0,11,https://www.youtube.com/watch?v=t4u-aAXpSyY
t9zGkCWoUww,Edible Gelatin Art Is The Prettiest Indonesian Snack,2017-11-05T13:00:04.000Z,2842,60,0,0,12,https://www.youtube.com/watch?v=t9zGkCWoUww
TbpSSUDBuUo,Oprah’s Frozen Pizza Vs  Other Popular Brands,2018-10-17T16:00:04.000Z,34205,452,53,0,90,https://www.youtube.com/watch?v=TbpSSUDBuUo
Tcz3VTe_9Xk,Salad Pizza Is The Most LA Pizza Ever,2018-10-27T16:00:05.000Z,73383,1233,241,0,430,https://www.youtube.com/watch?v=Tcz3VTe_9Xk
TDbyEIDR4l0,Soft Serve Ice Cream in Watermelon Tacos,2017-11-21T13:30:00.000Z,19408,323,7,0,37,https://www.youtube.com/watch?v=TDbyEIDR4l0
thwu9nw4qyo,The Best Ribs In Kansas Are Cooked And Served In A Gas Station | Legendary Eats,2019-02-16T17:00:04.000Z,294480,3542,121,0,427,https://www.youtube.com/watch?v=thwu9nw4qyo
TizeVjgUNoU,Indian-Inspired Tacos Use Naan And Curries,2017-10-19T22:08:06.000Z,27237,265,8,0,36,https://www.youtube.com/watch?v=TizeVjgUNoU
TKpY87rrRmw,Could You Finish Korea's Spiciest Curry Dish?,2018-07-02T16:00:04.000Z,723525,9659,318,0,975,https://www.youtube.com/watch?v=TKpY87rrRmw
TLA0I7eJnqg,10-Pound Chocolate Doughnut Filled With Marshmallow | Jumbo Eats,2018-07-07T16:00:04.000Z,113088,1897,77,0,237,https://www.youtube.com/watch?v=TLA0I7eJnqg
trxLcFVcqdY,Glazed Pastries Look Like Real Fruit,2017-11-21T23:00:02.000Z,15469,261,10,0,28,https://www.youtube.com/watch?v=trxLcFVcqdY
tsssiRbqbmI,Traditional Mexican Ice Pops Are Made With All-Natural Ingredients,2018-12-12T17:00:12.000Z,391390,6014,106,0,478,https://www.youtube.com/watch?v=tsssiRbqbmI
tuMrw0ZWHiw,"Suckling Pig Is So Tender, It's Cut By Plates",2018-05-11T16:00:11.000Z,85390,830,389,0,485,https://www.youtube.com/watch?v=tuMrw0ZWHiw
TVqnfVIcyg4,Milk And Cookie Heaven Sells 12-Inch Cookie Pizza,2018-05-28T16:00:04.000Z,179621,3623,98,0,279,https://www.youtube.com/watch?v=TVqnfVIcyg4
tVS5Nqwdkn0,Glitter Beer Is The Newest Internet Obsession,2018-03-16T14:00:04.000Z,46521,558,64,0,128,https://www.youtube.com/watch?v=tVS5Nqwdkn0
twBXSKnxPz8,BBQ Spot Is All Vegan — So We Compared It To Real Meat,2018-06-02T16:00:02.000Z,219277,3499,261,0,820,https://www.youtube.com/watch?v=twBXSKnxPz8
tYNBPwu01BY,Inside Ample Hills' NYC Ice Cream Factory,2018-11-27T17:00:06.000Z,58146,915,22,0,72,https://www.youtube.com/watch?v=tYNBPwu01BY
u0ltIKNUKVQ,We Tried Chick-Fil-A's Secret Menu,2018-10-28T16:00:05.000Z,505665,6097,1226,0,628,https://www.youtube.com/watch?v=u0ltIKNUKVQ
u6UbD080SNM,"How Candy With 16,000 Strands Of Sugar Is Made",2018-02-16T18:00:07.000Z,87275,1039,22,0,90,https://www.youtube.com/watch?v=u6UbD080SNM
u6Y-Ubwtd_0,Chocolate cigars looks scarily like the real thing,2017-04-05T12:01:49.000Z,8364,81,2,0,4,https://www.youtube.com/watch?v=u6Y-Ubwtd_0
Ug_4JCSqrCw,Best Cheap Eat In NYC's Chinatown With Strictly Dumpling | Legendary Eats,2019-01-15T17:00:15.000Z,532212,8017,279,0,945,https://www.youtube.com/watch?v=Ug_4JCSqrCw
ug9Z40ah1tE,8-Pound Burrito Is Bigger Than An Arm,2018-06-19T16:00:08.000Z,62366,978,53,0,136,https://www.youtube.com/watch?v=ug9Z40ah1tE
uH2G0XDQfos,10 Ice Creams With Unusual Toppings,2018-08-13T16:00:07.000Z,514390,6447,155,0,527,https://www.youtube.com/watch?v=uH2G0XDQfos
uIf2ZOu-a50,Stuffed Crème Brûlée Doughnuts,2017-10-19T21:44:51.000Z,41238,315,10,0,52,https://www.youtube.com/watch?v=uIf2ZOu-a50
uJ8RaqaCJdc,We Tried A Vegan Cheeseburger,2018-04-20T20:00:06.000Z,47010,865,33,0,113,https://www.youtube.com/watch?v=uJ8RaqaCJdc
uptENeWcGlU,Soft Serve Ice Cream In A Watermelon Slice,2018-06-09T16:00:08.000Z,289861,3951,116,0,399,https://www.youtube.com/watch?v=uptENeWcGlU
uQnpYMYDbng,Does This Philadelphia Tomato Pie Count As Pizza?,2018-10-25T16:00:11.000Z,109719,1205,128,0,333,https://www.youtube.com/watch?v=uQnpYMYDbng
UsiJ9NDCelo,We Tried the Toxic Waste Challenge,2017-11-02T21:30:00.000Z,49071,444,26,0,281,https://www.youtube.com/watch?v=UsiJ9NDCelo
uSIuTKxUfb0,The Best Pastrami Sandwich Isn't In New York – It's In LA | Legendary Eats,2018-09-03T16:00:07.000Z,86010,1515,65,0,240,https://www.youtube.com/watch?v=uSIuTKxUfb0
UtV99QnrlqQ,Prince Street Pizza Vs. Artichoke Basille's Pizza | Which Is Better? Ep 3,2017-12-21T19:00:02.000Z,68695,604,54,0,78,https://www.youtube.com/watch?v=UtV99QnrlqQ
uUZ48GNINQY,Super Fast Japanese Sushi Trains,2017-12-20T17:30:01.000Z,147661,1967,32,0,212,https://www.youtube.com/watch?v=uUZ48GNINQY
UX3Vjhg8raY,We Tried The Zombie Frappuccino From Starbucks,2017-11-05T22:30:00.000Z,3088,38,2,0,5,https://www.youtube.com/watch?v=UX3Vjhg8raY
UzFPcmfRIYY,Could You Eat A 3-Pound Slice Of Cake In 10 Minutes?,2018-02-14T21:00:04.000Z,580575,7226,184,0,1648,https://www.youtube.com/watch?v=UzFPcmfRIYY
V1_vM9iN49E,Happy Pills is a Candy Pharmacy,2017-11-16T22:30:00.000Z,25328,463,7,0,42,https://www.youtube.com/watch?v=V1_vM9iN49E
v4HRQpvVwDY,NYC Italian Restaurant Makes A Pasta Volcano,2018-01-12T19:00:04.000Z,348449,3902,185,0,266,https://www.youtube.com/watch?v=v4HRQpvVwDY
V4qKhEm07qY,How This London Cafe Prints Selfies Onto Cappuccinos,2017-12-21T15:15:07.000Z,15206,104,5,0,15,https://www.youtube.com/watch?v=V4qKhEm07qY
v7pefIbwcuE,What A $180 Wagyu Sandwich Tastes Like | What's It Taste Like,2019-02-21T17:00:14.000Z,298983,3123,309,0,606,https://www.youtube.com/watch?v=v7pefIbwcuE
v8E4CkeEy1s,Mega Poke Bowl Weighs 20 Pounds,2018-03-02T17:00:08.000Z,167461,1791,98,0,259,https://www.youtube.com/watch?v=v8E4CkeEy1s
v93dZ8g5SKE,Dalessandro's Is Philly's Favorite Cheesesteak,2019-03-07T20:15:37.000Z,60923,992,47,0,106,https://www.youtube.com/watch?v=v93dZ8g5SKE
VauFXN-2SUE,"We Tried Krystal, The 86-Year-Old Southern Fast Food Chain",2018-08-17T16:00:05.000Z,96117,1294,81,0,264,https://www.youtube.com/watch?v=VauFXN-2SUE
vc6nXUTipU4,Indian Street Food Made With 240 Eggs,2017-10-20T15:13:12.000Z,45061,284,14,0,61,https://www.youtube.com/watch?v=vc6nXUTipU4
VdC4j7q_p80,How Malaysian Jelly Is Made,2017-11-20T02:30:00.000Z,27616,297,48,0,153,https://www.youtube.com/watch?v=VdC4j7q_p80
vhFhxLsGBTE,"Giant \Cheese Boat\"" Has Over 50 Eggs""",2018-01-10T16:00:04.000Z,144736,1562,79,0,186,https://www.youtube.com/watch?v=vhFhxLsGBTE
VhwY8sMpYMs,LA Spot Makes Authentic Chicago-Style Deep-Dish Pizza,2018-09-28T16:00:08.000Z,67773,1235,37,0,119,https://www.youtube.com/watch?v=VhwY8sMpYMs
VKDdz7X1V-o,How PEZ Is Made,2019-02-17T17:00:03.000Z,148487,2011,67,0,238,https://www.youtube.com/watch?v=VKDdz7X1V-o
VM_PgKAR_ME,People Are Lining Up For Rainbow Cotton Candy Mountains,2017-12-04T22:30:01.000Z,986431,7773,221,0,878,https://www.youtube.com/watch?v=VM_PgKAR_ME
Vm1Zeu-DpmU,How HI-CHEW Candy Is Made,2018-11-30T17:00:05.000Z,647072,10795,245,0,1087,https://www.youtube.com/watch?v=Vm1Zeu-DpmU
vQ-y43_Z07A,Slovenian baker makes artwork on bread,2017-08-23T15:23:47.000Z,79661,1251,14,0,17,https://www.youtube.com/watch?v=vQ-y43_Z07A
vuAlDnkzirA,"Food Stall Fries Over 1,000 Bao Each Day",2018-05-04T16:00:05.000Z,129505,1884,50,0,152,https://www.youtube.com/watch?v=vuAlDnkzirA
vx8BSvcxW8A,We Tried The New Lay’s Potato Chip Flavors,2018-07-31T16:00:05.000Z,85743,1189,73,0,216,https://www.youtube.com/watch?v=vx8BSvcxW8A
vy2MjxOvLsk,We Tried Robot-Made Sushi,2018-12-24T17:00:05.000Z,61261,983,81,0,135,https://www.youtube.com/watch?v=vy2MjxOvLsk
VZ-R53ZetPs,"Machine Makes 1,500 Dumplings In An Hour",2018-08-15T16:00:04.000Z,147754,2166,105,0,345,https://www.youtube.com/watch?v=VZ-R53ZetPs
VZhr7TzHIg4,Halo Top Ice Cream Opens Their First Shop In LA,2017-11-27T15:21:05.000Z,328848,4887,80,0,262,https://www.youtube.com/watch?v=VZhr7TzHIg4
VZwHAZqfJhw,Mythical Japanese Candy Art,2017-10-19T21:44:09.000Z,100008,948,22,0,84,https://www.youtube.com/watch?v=VZwHAZqfJhw
w2fzboe5BbE,How Tito's Tacos Became LA's Favorite Hardshell Taco | Legendary Eats,2018-12-23T17:00:06.000Z,473053,5091,309,0,738,https://www.youtube.com/watch?v=w2fzboe5BbE
w3d4_-JNdbo,You Can Get A Massive 2-Foot-Long Pizza Slice In NYC,2018-10-18T16:00:09.000Z,79731,1331,53,0,211,https://www.youtube.com/watch?v=w3d4_-JNdbo
w4eT-Ll8mAs,Would You Try Ants On A Stick?,2018-09-07T16:00:15.000Z,69898,874,513,0,671,https://www.youtube.com/watch?v=w4eT-Ll8mAs
W5V6RKr4nXQ,Everything On This Menu Features Buffalo Sauce,2018-04-07T16:00:04.000Z,111904,1843,52,0,104,https://www.youtube.com/watch?v=W5V6RKr4nXQ
W6TDkp5VY-8,Doughnuts Are Stuffed With Babka,2017-11-22T14:00:02.000Z,7480,106,5,0,14,https://www.youtube.com/watch?v=W6TDkp5VY-8
W79dYD6xoG0,Traditional German Restaurant In Milwaukee Serves Giant Pretzel,2018-10-21T16:00:03.000Z,51834,891,60,0,164,https://www.youtube.com/watch?v=W79dYD6xoG0
wA0c8EjBRj8,Order A Giant Ice Cream Sundae At A Las Vegas Club,2018-02-09T21:00:04.000Z,116144,1255,105,0,149,https://www.youtube.com/watch?v=wA0c8EjBRj8
wB6Fpx0B_t4,Luxury Seafood Banquet Is Served In A Four-Poster Gold Bed,2018-10-26T16:00:15.000Z,30336,521,30,0,73,https://www.youtube.com/watch?v=wB6Fpx0B_t4
WBbbfAyZ1BM,Bugs Cafe Serves Whole Fried Tarantulas,2017-12-26T20:30:00.000Z,519406,4155,2447,0,4325,https://www.youtube.com/watch?v=WBbbfAyZ1BM
wd_d36qDqO8,11 Desserts In Disguise,2018-08-06T16:00:11.000Z,2484768,28365,777,0,1269,https://www.youtube.com/watch?v=wd_d36qDqO8
wEEB6Eh5Iok,Best Chocolate Chip Cookies in NYC | Which Is Better? Ep 1,2017-11-21T21:47:16.000Z,79042,761,48,0,76,https://www.youtube.com/watch?v=wEEB6Eh5Iok
WEqRgwbpSWg,We Tried NYC Most Legendary Cheesecake,2018-03-06T17:00:03.000Z,54655,675,28,0,62,https://www.youtube.com/watch?v=WEqRgwbpSWg
WfjJxe30tdM,What Does Haggis Ice Cream Taste Like? | What's It Taste Like,2019-01-29T17:00:08.000Z,73873,988,124,0,137,https://www.youtube.com/watch?v=WfjJxe30tdM
wfOVfQmfWv8,Chef Makes Thousands Of Mexican Tamales A Day In The Bronx,2019-03-05T17:00:08.000Z,615729,5510,206,0,851,https://www.youtube.com/watch?v=wfOVfQmfWv8
wh4ZnDqswKI,Customize Your Own Gourmet KitKat Bar,2018-01-05T16:00:10.000Z,134497,2004,36,0,140,https://www.youtube.com/watch?v=wh4ZnDqswKI
wHRzwB-gGRo,Corn Dogs Are Stuffed With Pickles | WTF Food,2018-11-09T17:00:07.000Z,59399,717,66,0,228,https://www.youtube.com/watch?v=wHRzwB-gGRo
wKG5CSFxjBs,How Olive Oil Became A Cooking Staple Around The World,2019-01-08T17:46:27.000Z,33784,605,22,0,64,https://www.youtube.com/watch?v=wKG5CSFxjBs
wKHf8IFnwxA,How Craft Beer Is Made,2018-05-31T16:00:08.000Z,20474,234,13,0,30,https://www.youtube.com/watch?v=wKHf8IFnwxA
wNhQixfQ4Gg,Rainbow Bagel Vs. Edible Cookie Dough | Which Is Better? Ep 2,2017-11-30T20:58:23.000Z,158408,1726,201,0,348,https://www.youtube.com/watch?v=wNhQixfQ4Gg
WNQYzSikva4,The Best Mickey-Shaped Snack At Disney World | Best Thing On The Menu,2018-12-17T17:00:05.000Z,733416,10052,374,0,898,https://www.youtube.com/watch?v=WNQYzSikva4
WO73wnquXtM,Blue Algae Makes The Prettiest Smoothie Bowl,2018-03-19T14:00:02.000Z,360861,6019,124,0,419,https://www.youtube.com/watch?v=WO73wnquXtM
wPa3AqD-Fjg,8 Cheese Dishes You Have To Try In NYC,2018-02-28T21:00:01.000Z,964283,11461,280,0,605,https://www.youtube.com/watch?v=wPa3AqD-Fjg
WRcuMNCN13I,Crispy Filipino Noodles Dissolve Before Your Eyes,2018-04-10T16:00:03.000Z,154953,3041,54,0,573,https://www.youtube.com/watch?v=WRcuMNCN13I
wsIhOK75_BI,Bouquet Made Of Beef Jerky,2018-02-07T15:00:07.000Z,53159,779,39,0,93,https://www.youtube.com/watch?v=wsIhOK75_BI
wsWsWopOdh0,80-Pound Lasagna Has 30 Layers,2017-11-21T01:00:03.000Z,165374,1526,55,0,310,https://www.youtube.com/watch?v=wsWsWopOdh0
WuYXRja2ewc,London Dairy Makes New Flavors Of Cheese,2018-09-08T16:00:03.000Z,150883,2581,49,0,161,https://www.youtube.com/watch?v=WuYXRja2ewc
Wv8eqj2m_WY,We Tried Giant Boozy Hot Cocoa That Costs $375,2019-02-07T17:00:03.000Z,66702,1142,95,0,128,https://www.youtube.com/watch?v=Wv8eqj2m_WY
X34BmJjaGYU,Cheese Bar Is The Cheesiest Place In London,2018-02-18T14:00:02.000Z,583095,7552,159,0,406,https://www.youtube.com/watch?v=X34BmJjaGYU
x5QT1ZswYGk,Why Woodworms Are A Filipino Delicacy,2017-10-31T13:00:07.000Z,6566,81,7,0,67,https://www.youtube.com/watch?v=x5QT1ZswYGk
X6J3_dN_-C0,Toronto Restaurant Makes 8 Kinds Of Poutine,2018-03-15T13:00:03.000Z,132579,1625,55,0,264,https://www.youtube.com/watch?v=X6J3_dN_-C0
X8VRHH_W8Uk,Catch Your Own Seafood For Hotpot In Singapore,2018-07-03T16:00:06.000Z,421722,5261,599,0,821,https://www.youtube.com/watch?v=X8VRHH_W8Uk
X9Ykvy8cNSs,Crunchy Street Doughnuts Shaped Like Dinosaurs,2018-07-22T16:00:02.000Z,36386,633,25,0,88,https://www.youtube.com/watch?v=X9Ykvy8cNSs
xABkcSr47dM,Would You Try Candied Egg Yolks?,2018-04-22T16:00:08.000Z,737892,8068,539,0,1960,https://www.youtube.com/watch?v=xABkcSr47dM
XDMHDbe_uYQ,We Tried Mini Key Lime Pies On A Stick,2019-03-14T16:00:01.000Z,73462,1380,17,0,95,https://www.youtube.com/watch?v=XDMHDbe_uYQ
XfgJzC-FKGY,Why London Loves This Australian Doughnut Shop,2018-05-14T16:00:02.000Z,398995,5882,136,0,561,https://www.youtube.com/watch?v=XfgJzC-FKGY
xgdgX54SDoc,Grow Fruit Into Fun Shapes,2017-10-19T22:05:19.000Z,72464,543,14,0,75,https://www.youtube.com/watch?v=xgdgX54SDoc
XLamG3vatRk,Turkish Chef Uses Ostrich Eggs For Giant Food Creations,2018-05-11T20:00:01.000Z,2304920,16304,2237,0,2649,https://www.youtube.com/watch?v=XLamG3vatRk
XlESYv80OAo,We Tried Every Beer At This Beer ATM,2018-11-20T17:00:03.000Z,59414,817,53,0,108,https://www.youtube.com/watch?v=XlESYv80OAo
XMBhihN45Yo,Colorful Macaron Tower Can Feed Over 10 People,2018-08-26T16:00:03.000Z,106535,1540,39,0,228,https://www.youtube.com/watch?v=XMBhihN45Yo
xMbs1U43gK8,Souffle´ Pancakes Are A Fluffy Treat,2018-05-26T16:00:04.000Z,263636,3967,114,0,253,https://www.youtube.com/watch?v=xMbs1U43gK8
xnKYogq97MY,Truffles Dipped In Silver And Gold,2018-02-09T17:00:06.000Z,975719,7957,295,0,954,https://www.youtube.com/watch?v=xnKYogq97MY
xPa6fGzTzds,Birthday Cake Pancakes Are A Sweet Way To Start Your Morning,2018-04-17T16:00:04.000Z,123846,2406,68,0,225,https://www.youtube.com/watch?v=xPa6fGzTzds
xSub4951k9g,"We Tried $1,000 Gold Chicken Wings With Foodgo¯d",2018-05-05T16:00:05.000Z,1142490,10653,2029,0,3057,https://www.youtube.com/watch?v=xSub4951k9g
XUC_-Mi9Ouw,3D Cakes Are Architectural Works Of Art,2017-10-20T19:34:05.000Z,86212,931,20,0,99,https://www.youtube.com/watch?v=XUC_-Mi9Ouw
xW5NmGvxKFo,We Tried The Spicy Ramen Challenge,2018-03-15T16:00:04.000Z,843078,6780,358,0,823,https://www.youtube.com/watch?v=xW5NmGvxKFo
XwHurP9RH-s,42 Cheesy Foods You Need To Eat Before You Die,2019-02-26T21:28:07.000Z,1081108,19738,592,0,1928,https://www.youtube.com/watch?v=XwHurP9RH-s
xzdwi0JtssE,Wildest Food We Found In The UK In 2017,2017-12-18T15:48:37.000Z,119612,1268,37,0,56,https://www.youtube.com/watch?v=xzdwi0JtssE
xZRW9O0uhVM,We Tried To Finish This 20-Pound Seafood Hot Pot,2017-12-18T18:31:22.000Z,368950,3353,405,0,627,https://www.youtube.com/watch?v=xZRW9O0uhVM
y4F_LJYygu8,We Visited The Shop That Makes The Croissant-Taco Hybrid,2018-12-10T17:00:06.000Z,46256,769,41,0,95,https://www.youtube.com/watch?v=y4F_LJYygu8
y6y5xxcI6pI,Burritos Stuffed With Taquitos,2018-03-01T19:00:02.000Z,32346,432,12,0,32,https://www.youtube.com/watch?v=y6y5xxcI6pI
Y7-Mt9IYolc,Bar Of Soap Is Actually A Jell-O Shot Of Bourbon,2018-05-20T16:00:02.000Z,459587,5328,214,0,466,https://www.youtube.com/watch?v=Y7-Mt9IYolc
y7EwC3vOYTA,Why Hatch Green Chile Is A New Mexican Staple,2018-12-02T17:00:06.000Z,40946,617,33,0,89,https://www.youtube.com/watch?v=y7EwC3vOYTA
Ya4POr-xGpU,11 Breakfast Gadgets You Need In Your Life,2017-11-08T13:30:00.000Z,7997,108,11,0,15,https://www.youtube.com/watch?v=Ya4POr-xGpU
yhY7gNgbaEc,Kansas City Food Truck Serves Ribs In A Grocery Store Parking Lot,2018-10-24T16:00:09.000Z,66422,1069,19,0,74,https://www.youtube.com/watch?v=yhY7gNgbaEc
YlXj06zJ4gI,Charcoal Coconut Ice Cream Is A Filipino Delicacy,2018-11-03T16:00:07.000Z,72050,1340,83,0,273,https://www.youtube.com/watch?v=YlXj06zJ4gI
YNphPmNaY9E,London company ChocoFruit makes delicious chocolate covered fruit,2017-03-24T20:30:00.000Z,2902,38,0,0,0,https://www.youtube.com/watch?v=YNphPmNaY9E
yUlpuM0ZZRo,How Aligot Is Made In Paris,2017-11-20T21:00:04.000Z,595969,4114,389,0,223,https://www.youtube.com/watch?v=yUlpuM0ZZRo
yV2-0qM9A7g,Would You Try A Pizza Covered In Pickles? | WTF Food,2018-10-02T16:00:09.000Z,38167,595,74,0,283,https://www.youtube.com/watch?v=yV2-0qM9A7g
yvUfMEWL5bE,Why You've Been Eating Burgers Wrong Your Entire Life,2018-11-28T17:00:07.000Z,102086,1200,255,0,334,https://www.youtube.com/watch?v=yvUfMEWL5bE
yW1KOy5ec8g,"We Tried The Reaper Taco, Made With The World’s Hottest Pepper | Can We Finish It?",2018-11-23T17:00:15.000Z,78583,946,79,0,118,https://www.youtube.com/watch?v=yW1KOy5ec8g
YxrbiYHWzIE,How Hot Dogs Are Made,2017-11-05T18:00:02.000Z,14937,110,19,0,44,https://www.youtube.com/watch?v=YxrbiYHWzIE
YyK2-EjyciI,Giant Doughnut Tower Is Size Of 36 Regular Doughnuts,2018-04-11T16:00:06.000Z,257216,3190,80,0,280,https://www.youtube.com/watch?v=YyK2-EjyciI
z1p3iUq-fhE,5-Pound French Taco,2017-10-20T15:11:10.000Z,25464,224,9,0,38,https://www.youtube.com/watch?v=z1p3iUq-fhE
z2v2fg1ZpoM,How Popcorn Is Made,2018-12-03T17:00:06.000Z,207484,2950,102,0,259,https://www.youtube.com/watch?v=z2v2fg1ZpoM
z55h0DkqSgY,Starbucks Secret Menu: Butterbeer Frappuccino & Dragon Frappuccino | Fast Food Secret Menus,2018-11-22T17:00:11.000Z,53901,849,378,0,170,https://www.youtube.com/watch?v=z55h0DkqSgY
zajsJD-q95A,How This Small Shop Makes 5 Million Pretzels Per Year,2019-02-13T14:37:38.000Z,21255,433,9,0,53,https://www.youtube.com/watch?v=zajsJD-q95A
zb53JnUufTM,Pasta Served Inside a Cheese Wheel,2017-11-18T22:30:00.000Z,33643,427,11,0,29,https://www.youtube.com/watch?v=zb53JnUufTM
Zcrpoe122sc,Turkish Chef Is A Steak Genius,2018-02-21T19:00:02.000Z,419826,5097,250,0,451,https://www.youtube.com/watch?v=Zcrpoe122sc
zCUDPywPa54,Cake Full Of BBQ Meat Weighs 5 Pounds,2018-04-21T20:00:01.000Z,20751,355,63,0,60,https://www.youtube.com/watch?v=zCUDPywPa54
zcVWBhsb-jE,Queso Fundido Made with Handfuls of Cheese,2017-11-14T22:00:03.000Z,287421,2615,82,0,124,https://www.youtube.com/watch?v=zcVWBhsb-jE
zD6qdF2ZVmg,We Tried Viral Food With Foodgod Jonathan Cheban,2017-10-31T00:00:02.000Z,6145,72,8,0,4,https://www.youtube.com/watch?v=zD6qdF2ZVmg
zdOVpw1CIs4,Chef Turns Sashimi Into Art,2018-02-06T17:00:04.000Z,50947,571,35,0,60,https://www.youtube.com/watch?v=zdOVpw1CIs4
ZfDoo7rwLGk,7-Meat Charcuterie Platter Is A Carnivore's Dream,2018-03-23T16:00:04.000Z,32940,511,31,0,83,https://www.youtube.com/watch?v=ZfDoo7rwLGk
zg2yqK-5_U0,Pop-up restaurant only serves avocado food and drink,2016-04-28T17:03:09.000Z,1861,30,4,0,4,https://www.youtube.com/watch?v=zg2yqK-5_U0
ZgjWOo7IqQY,Why Parmesan Cheese Is So Expensive | So Expensive,2018-11-17T17:00:04.000Z,12948237,128499,7024,0,18620,https://www.youtube.com/watch?v=ZgjWOo7IqQY
ZJ5nu9-_mAo,Burger Stacked With Smoked Short Rib And Bacon,2018-05-10T16:00:04.000Z,58962,1045,42,0,114,https://www.youtube.com/watch?v=ZJ5nu9-_mAo
zkf-Y_PAVoY,Seafood Restaurant Serves Oyster On The Water,2017-11-22T23:00:02.000Z,9123,105,11,0,17,https://www.youtube.com/watch?v=zkf-Y_PAVoY
zkGQ4bDg_Y8,The Best Bagel And Lox In NYC | Best Of The Best,2019-03-09T17:00:10.000Z,184244,2369,136,0,299,https://www.youtube.com/watch?v=zkGQ4bDg_Y8
ZkVqVtMAFJE,12-Egg Omelette Is A Breakfast For Champions,2018-05-13T16:00:03.000Z,322012,3252,134,0,392,https://www.youtube.com/watch?v=ZkVqVtMAFJE
ZLkBqf2lZcI,British Meat Pie Has A Whole Duck Inside,2018-04-14T16:00:02.000Z,63846,889,40,0,127,https://www.youtube.com/watch?v=ZLkBqf2lZcI
ZMy-WQdg_GE,9 Fries With A Fun Twist,2018-03-18T17:00:04.000Z,353424,4479,113,0,215,https://www.youtube.com/watch?v=ZMy-WQdg_GE
ZpivbBoeyL8,"London’s All-Cereal Café Is Colorful, Retro Fun",2018-09-06T16:00:08.000Z,69101,1522,21,0,142,https://www.youtube.com/watch?v=ZpivbBoeyL8
zTB_jBDg3Pc,Ice Cream Sundae Served On Silver Platter,2018-02-08T17:00:05.000Z,115539,1634,117,0,134,https://www.youtube.com/watch?v=zTB_jBDg3Pc
zTP4OWyTEjM,NYC Loves This Fast-Casual Salad Chain,2018-02-11T17:00:07.000Z,224052,2976,61,0,240,https://www.youtube.com/watch?v=zTP4OWyTEjM
ZVms0ywevhA,How To Make Your Own Fruit Juice Spray,2018-04-28T16:00:03.000Z,26375,394,51,0,73,https://www.youtube.com/watch?v=ZVms0ywevhA
zvUjaR6rOl0,Cotton Candy Burrito Is A Colorful Sugar Rush,2018-04-19T16:00:05.000Z,136144,2099,96,0,334,https://www.youtube.com/watch?v=zvUjaR6rOl0
ZyONdx824NM,Sample Over 100 Wines At A Wine ATM,2018-03-01T15:00:02.000Z,29864,338,15,0,47,https://www.youtube.com/watch?v=ZyONdx824NM
zYoVeJGkRRo,How Jaffa Cakes Are Made,2018-08-19T16:00:07.000Z,103658,1509,26,0,334,https://www.youtube.com/watch?v=zYoVeJGkRRo
ZYwMgkfoLy8,We Checked Out LA's Pizzanista! Mac And Cheese Pizza With Harley From Epic Meal Time,2018-09-27T16:00:06.000Z,76807,1181,63,0,127,https://www.youtube.com/watch?v=ZYwMgkfoLy8
ZzEmdm3gJ2g,Most Popular Taiwanese Tea In London,2018-09-11T16:00:08.000Z,81035,1398,37,0,145,https://www.youtube.com/watch?v=ZzEmdm3gJ2g
